New Internal Code,Customs Product Description
330,Laboratory Animal Bedding/Nesting Material
331,Laboratory Animal Bedding/Nesting Material
332,Laboratory Animal Bedding/Nesting Material
333,Laboratory Animal Bedding/Nesting Material
334,Laboratory Animal Bedding/Nesting Material
335,Laboratory Animal Bedding/Nesting Material
336,Laboratory Animal Bedding/Nesting Material
338,Laboratory Animal Bedding/Nesting Material
339,Laboratory Animal Bedding/Nesting Material
340,Laboratory Animal Bedding/Nesting Material
341,Laboratory Animal Bedding/Nesting Material
342,Laboratory Animal Bedding/Nesting Material
343,Laboratory Animal Bedding/Nesting Material
344,Laboratory Animal Bedding/Nesting Material
345,Laboratory Animal Bedding/Nesting Material
346,Laboratory Animal Bedding/Nesting Material
347,Laboratory Animal Bedding/Nesting Material
348,Laboratory Animal Bedding/Nesting Material
349,Laboratory Animal Bedding/Nesting Material
350,Laboratory Animal Bedding/Nesting Material
351,Laboratory Animal Bedding/Nesting Material
352,Laboratory Animal Bedding/Nesting Material
353,Laboratory Animal Bedding/Nesting Material
354,Laboratory Animal Bedding/Nesting Material
355,Laboratory Animal Bedding/Nesting Material
356,Laboratory Animal Bedding/Nesting Material
357,Laboratory Animal Bedding/Nesting Material
358,Laboratory Animal Bedding/Nesting Material
359,Laboratory Animal Bedding/Nesting Material
360,Laboratory Animal Bedding/Nesting Material
361,Laboratory Animal Bedding/Nesting Material
362,Laboratory Animal Bedding/Nesting Material
363,Laboratory Animal Bedding/Nesting Material
364,Laboratory Animal Bedding/Nesting Material
365,Laboratory Animal Bedding/Nesting Material
366,Laboratory Animal Bedding/Nesting Material
367,Laboratory Animal Bedding/Nesting Material
446,Laboratory Animal Bedding/Nesting Material
447,Laboratory Animal Bedding/Nesting Material
448,Laboratory Animal Bedding/Nesting Material
449,Laboratory Animal Bedding/Nesting Material
450,Laboratory Animal Bedding/Nesting Material
451,Laboratory Animal Bedding/Nesting Material
452,Laboratory Animal Bedding/Nesting Material
453,Laboratory Animal Bedding/Nesting Material
454,Laboratory Animal Bedding/Nesting Material
632,Laboratory Animal Bedding/Nesting Material
633,Laboratory Animal Bedding/Nesting Material
634,Laboratory Animal Bedding/Nesting Material
635,Laboratory Animal Bedding/Nesting Material
636,Laboratory Animal Bedding/Nesting Material
637,Laboratory Animal Bedding/Nesting Material
638,Laboratory Animal Bedding/Nesting Material
639,Laboratory Animal Bedding/Nesting Material
640,Laboratory Animal Bedding/Nesting Material
641,Laboratory Animal Bedding/Nesting Material
642,Laboratory Animal Bedding/Nesting Material
643,Laboratory Animal Bedding/Nesting Material
644,Laboratory Animal Bedding/Nesting Material
645,Laboratory Animal Bedding/Nesting Material
646,Laboratory Animal Bedding/Nesting Material
647,Laboratory Animal Bedding/Nesting Material
648,Laboratory Animal Bedding/Nesting Material
649,Laboratory Animal Bedding/Nesting Material
650,Laboratory Animal Bedding/Nesting Material
651,Laboratory Animal Bedding/Nesting Material
652,Laboratory Animal Bedding/Nesting Material
653,Laboratory Animal Bedding/Nesting Material
654,Laboratory Animal Bedding/Nesting Material
655,Laboratory Animal Bedding/Nesting Material
656,Laboratory Animal Bedding/Nesting Material
657,Laboratory Animal Bedding/Nesting Material
658,Laboratory Animal Bedding/Nesting Material
659,Laboratory Animal Bedding/Nesting Material
660,Laboratory Animal Bedding/Nesting Material
661,Laboratory Animal Bedding/Nesting Material
662,Laboratory Animal Bedding/Nesting Material
837,Laboratory Animal Bedding/Nesting Material
1625,Laboratory Animal Bedding/Nesting Material
1626,Laboratory Animal Bedding/Nesting Material
1726,Laboratory Animal Bedding/Nesting Material
1735,Laboratory Animal Bedding/Nesting Material
1752,Laboratory Animal Bedding/Nesting Material
1758,Laboratory Animal Bedding/Nesting Material
1803,Laboratory Animal Bedding/Nesting Material
1809,Laboratory Animal Bedding/Nesting Material
1852,Laboratory Animal Bedding/Nesting Material
1855,Laboratory Animal Bedding/Nesting Material
1856,Laboratory Animal Bedding/Nesting Material
1870,Laboratory Animal Bedding/Nesting Material
1872,Laboratory Animal Bedding/Nesting Material
1873,Laboratory Animal Bedding/Nesting Material
1874,Laboratory Animal Bedding/Nesting Material
1943,Laboratory Animal Bedding/Nesting Material
1950,Laboratory Animal Bedding/Nesting Material
1976,Laboratory Animal Bedding/Nesting Material
1977,Laboratory Animal Bedding/Nesting Material
1981,Laboratory Animal Bedding/Nesting Material
1984,Laboratory Animal Bedding/Nesting Material
1986,Laboratory Animal Bedding/Nesting Material
2020,Laboratory Animal Bedding/Nesting Material
2021,Laboratory Animal Bedding/Nesting Material
2022,Laboratory Animal Bedding/Nesting Material
2048,Laboratory Animal Bedding/Nesting Material
2049,Laboratory Animal Bedding/Nesting Material
2056,Laboratory Animal Bedding/Nesting Material
2057,Laboratory Animal Bedding/Nesting Material
2058,Laboratory Animal Bedding/Nesting Material
2060,Laboratory Animal Bedding/Nesting Material
2061,Laboratory Animal Bedding/Nesting Material
2063,Laboratory Animal Bedding/Nesting Material
2079,Laboratory Animal Bedding/Nesting Material
2083,Laboratory Animal Bedding/Nesting Material
2094,Laboratory Animal Bedding/Nesting Material
2098,Laboratory Animal Bedding/Nesting Material
2104,Laboratory Animal Bedding/Nesting Material
2109,Laboratory Animal Bedding/Nesting Material
2111,Laboratory Animal Bedding/Nesting Material
2114,Laboratory Animal Bedding/Nesting Material
2119,Laboratory Animal Bedding/Nesting Material
2127,Laboratory Animal Bedding/Nesting Material
2171,Laboratory Animal Bedding/Nesting Material
2174,Laboratory Animal Bedding/Nesting Material
2220,Laboratory Animal Bedding/Nesting Material
2223,Laboratory Animal Bedding/Nesting Material
2227,Laboratory Animal Bedding/Nesting Material
2229,Laboratory Animal Bedding/Nesting Material
2237,Laboratory Animal Bedding/Nesting Material
2240,Laboratory Animal Bedding/Nesting Material
2241,Laboratory Animal Bedding/Nesting Material
2257,Laboratory Animal Bedding/Nesting Material
2298,Laboratory Animal Bedding/Nesting Material
2303,Laboratory Animal Bedding/Nesting Material
2320,Laboratory Animal Bedding/Nesting Material
2322,Laboratory Animal Bedding/Nesting Material
161,Laboratory Animal Cage Enrichment
162,Laboratory Animal Cage Enrichment
163,Laboratory Animal Cage Enrichment
164,Laboratory Animal Cage Enrichment
165,Laboratory Animal Cage Enrichment
166,Laboratory Animal Cage Enrichment
167,Laboratory Animal Cage Enrichment
168,Laboratory Animal Cage Enrichment
169,Laboratory Animal Cage Enrichment
170,Laboratory Animal Cage Enrichment
171,Laboratory Animal Cage Enrichment
172,Laboratory Animal Cage Enrichment
173,Laboratory Animal Cage Enrichment
174,Laboratory Animal Cage Enrichment
175,Laboratory Animal Cage Enrichment
176,Laboratory Animal Cage Enrichment
177,Laboratory Animal Cage Enrichment
178,Laboratory Animal Cage Enrichment
179,Laboratory Animal Cage Enrichment
180,Laboratory Animal Cage Enrichment
181,Laboratory Animal Cage Enrichment
182,Laboratory Animal Cage Enrichment
183,Laboratory Animal Cage Enrichment
184,Laboratory Animal Cage Enrichment
185,Laboratory Animal Cage Enrichment
186,Laboratory Animal Cage Enrichment
187,Laboratory Animal Cage Enrichment
189,Laboratory Animal Cage Enrichment
190,Laboratory Animal Cage Enrichment
192,Laboratory Animal Cage Enrichment
193,Laboratory Animal Cage Enrichment
194,Laboratory Animal Cage Enrichment
195,Laboratory Animal Cage Enrichment
196,Laboratory Animal Cage Enrichment
199,Laboratory Animal Cage Enrichment
200,Laboratory Animal Cage Enrichment
201,Laboratory Animal Cage Enrichment
202,Laboratory Animal Cage Enrichment
203,Laboratory Animal Cage Enrichment
204,Laboratory Animal Cage Enrichment
205,Laboratory Animal Cage Enrichment
206,Laboratory Animal Cage Enrichment
207,Laboratory Animal Cage Enrichment
208,Laboratory Animal Cage Enrichment
209,Laboratory Animal Cage Enrichment
211,Laboratory Animal Cage Enrichment
212,Laboratory Animal Cage Enrichment
213,Laboratory Animal Cage Enrichment
214,Laboratory Animal Cage Enrichment
215,Laboratory Animal Cage Enrichment
216,Laboratory Animal Cage Enrichment
217,Laboratory Animal Cage Enrichment
218,Laboratory Animal Cage Enrichment
219,Laboratory Animal Cage Enrichment
220,Laboratory Animal Cage Enrichment
221,Laboratory Animal Cage Enrichment
222,Laboratory Animal Cage Enrichment
223,Laboratory Animal Cage Enrichment
224,Laboratory Animal Cage Enrichment
225,Laboratory Animal Cage Enrichment
226,Laboratory Animal Cage Enrichment
227,Laboratory Animal Cage Enrichment
228,Laboratory Animal Cage Enrichment
229,Laboratory Animal Cage Enrichment
232,Laboratory Animal Cage Enrichment
233,Laboratory Animal Cage Enrichment
234,Laboratory Animal Cage Enrichment
235,Laboratory Animal Cage Enrichment
237,Laboratory Animal Cage Enrichment
238,Laboratory Animal Cage Enrichment
239,Laboratory Animal Cage Enrichment
242,Laboratory Animal Cage Enrichment
243,Laboratory Animal Cage Enrichment
244,Laboratory Animal Cage Enrichment
245,Laboratory Animal Cage Enrichment
246,Laboratory Animal Cage Enrichment
247,Laboratory Animal Cage Enrichment
248,Laboratory Animal Cage Enrichment
250,Laboratory Animal Cage Enrichment
251,Laboratory Animal Cage Enrichment
252,Laboratory Animal Cage Enrichment
253,Laboratory Animal Cage Enrichment
254,Laboratory Animal Cage Enrichment
255,Laboratory Animal Cage Enrichment
256,Laboratory Animal Cage Enrichment
257,Laboratory Animal Cage Enrichment
258,Laboratory Animal Cage Enrichment
259,Laboratory Animal Cage Enrichment
260,Laboratory Animal Cage Enrichment
261,Laboratory Animal Cage Enrichment
262,Laboratory Animal Cage Enrichment
263,Laboratory Animal Cage Enrichment
265,Laboratory Animal Cage Enrichment
267,Laboratory Animal Cage Enrichment
268,Laboratory Animal Cage Enrichment
269,Laboratory Animal Cage Enrichment
270,Laboratory Animal Cage Enrichment
271,Laboratory Animal Cage Enrichment
272,Laboratory Animal Cage Enrichment
273,Laboratory Animal Cage Enrichment
274,Laboratory Animal Cage Enrichment
275,Laboratory Animal Cage Enrichment
276,Laboratory Animal Cage Enrichment
277,Laboratory Animal Cage Enrichment
278,Laboratory Animal Cage Enrichment
279,Laboratory Animal Cage Enrichment
280,Laboratory Animal Cage Enrichment
281,Laboratory Animal Cage Enrichment
282,Laboratory Animal Cage Enrichment
283,Laboratory Animal Cage Enrichment
284,Laboratory Animal Cage Enrichment
285,Laboratory Animal Cage Enrichment
286,Laboratory Animal Cage Enrichment
287,Laboratory Animal Cage Enrichment
289,Laboratory Animal Cage Enrichment
290,Laboratory Animal Cage Enrichment
291,Laboratory Animal Cage Enrichment
292,Laboratory Animal Cage Enrichment
293,Laboratory Animal Cage Enrichment
294,Laboratory Animal Cage Enrichment
295,Laboratory Animal Cage Enrichment
296,Laboratory Animal Cage Enrichment
297,Laboratory Animal Cage Enrichment
298,Laboratory Animal Cage Enrichment
299,Laboratory Animal Cage Enrichment
300,Laboratory Animal Cage Enrichment
301,Laboratory Animal Cage Enrichment
302,Laboratory Animal Cage Enrichment
303,Laboratory Animal Cage Enrichment
305,Laboratory Animal Cage Enrichment
306,Laboratory Animal Cage Enrichment
307,Laboratory Animal Cage Enrichment
308,Laboratory Animal Cage Enrichment
309,Laboratory Animal Cage Enrichment
310,Laboratory Animal Cage Enrichment
311,Laboratory Animal Cage Enrichment
312,Laboratory Animal Cage Enrichment
313,Laboratory Animal Cage Enrichment
314,Laboratory Animal Cage Enrichment
315,Laboratory Animal Cage Enrichment
316,Laboratory Animal Cage Enrichment
317,Laboratory Animal Cage Enrichment
318,Laboratory Animal Cage Enrichment
320,Laboratory Animal Cage Enrichment
321,Laboratory Animal Cage Enrichment
322,Laboratory Animal Cage Enrichment
323,Laboratory Animal Cage Enrichment
324,Laboratory Animal Cage Enrichment
325,Laboratory Animal Cage Enrichment
326,Laboratory Animal Cage Enrichment
327,Laboratory Animal Cage Enrichment
328,Laboratory Animal Cage Enrichment
329,Laboratory Animal Cage Enrichment
429,Laboratory Animal Cage Enrichment
430,Laboratory Animal Cage Enrichment
431,Laboratory Animal Cage Enrichment
432,Laboratory Animal Cage Enrichment
433,Laboratory Animal Cage Enrichment
434,Laboratory Animal Cage Enrichment
435,Laboratory Animal Cage Enrichment
436,Laboratory Animal Cage Enrichment
437,Laboratory Animal Cage Enrichment
438,Laboratory Animal Cage Enrichment
439,Laboratory Animal Cage Enrichment
440,Laboratory Animal Cage Enrichment
441,Laboratory Animal Cage Enrichment
442,Laboratory Animal Cage Enrichment
444,Laboratory Animal Cage Enrichment
445,Laboratory Animal Cage Enrichment
568,Laboratory Animal Cage Enrichment
569,Laboratory Animal Cage Enrichment
570,Laboratory Animal Cage Enrichment
571,Laboratory Animal Cage Enrichment
572,Laboratory Animal Cage Enrichment
573,Laboratory Animal Cage Enrichment
574,Laboratory Animal Cage Enrichment
575,Laboratory Animal Cage Enrichment
576,Laboratory Animal Cage Enrichment
577,Laboratory Animal Cage Enrichment
578,Laboratory Animal Cage Enrichment
579,Laboratory Animal Cage Enrichment
580,Laboratory Animal Cage Enrichment
581,Laboratory Animal Cage Enrichment
582,Laboratory Animal Cage Enrichment
583,Laboratory Animal Cage Enrichment
585,Laboratory Animal Cage Enrichment
586,Laboratory Animal Cage Enrichment
587,Laboratory Animal Cage Enrichment
588,Laboratory Animal Cage Enrichment
589,Laboratory Animal Cage Enrichment
590,Laboratory Animal Cage Enrichment
591,Laboratory Animal Cage Enrichment
592,Laboratory Animal Cage Enrichment
593,Laboratory Animal Cage Enrichment
594,Laboratory Animal Cage Enrichment
595,Laboratory Animal Cage Enrichment
596,Laboratory Animal Cage Enrichment
597,Laboratory Animal Cage Enrichment
598,Laboratory Animal Cage Enrichment
599,Laboratory Animal Cage Enrichment
600,Laboratory Animal Cage Enrichment
601,Laboratory Animal Cage Enrichment
602,Laboratory Animal Cage Enrichment
603,Laboratory Animal Cage Enrichment
604,Laboratory Animal Cage Enrichment
605,Laboratory Animal Cage Enrichment
606,Laboratory Animal Cage Enrichment
607,Laboratory Animal Cage Enrichment
608,Laboratory Animal Cage Enrichment
609,Laboratory Animal Cage Enrichment
610,Laboratory Animal Cage Enrichment
611,Laboratory Animal Cage Enrichment
612,Laboratory Animal Cage Enrichment
613,Laboratory Animal Cage Enrichment
614,Laboratory Animal Cage Enrichment
615,Laboratory Animal Cage Enrichment
616,Laboratory Animal Cage Enrichment
617,Laboratory Animal Cage Enrichment
618,Laboratory Animal Cage Enrichment
619,Laboratory Animal Cage Enrichment
620,Laboratory Animal Cage Enrichment
621,Laboratory Animal Cage Enrichment
622,Laboratory Animal Cage Enrichment
623,Laboratory Animal Cage Enrichment
624,Laboratory Animal Cage Enrichment
625,Laboratory Animal Cage Enrichment
626,Laboratory Animal Cage Enrichment
627,Laboratory Animal Cage Enrichment
628,Laboratory Animal Cage Enrichment
629,Laboratory Animal Cage Enrichment
630,Laboratory Animal Cage Enrichment
631,Laboratory Animal Cage Enrichment
825,Laboratory Animal Cage Enrichment
826,Laboratory Animal Cage Enrichment
827,Laboratory Animal Cage Enrichment
828,Laboratory Animal Cage Enrichment
829,Laboratory Animal Cage Enrichment
830,Laboratory Animal Cage Enrichment
831,Laboratory Animal Cage Enrichment
832,Laboratory Animal Cage Enrichment
833,Laboratory Animal Cage Enrichment
834,Laboratory Animal Cage Enrichment
835,Laboratory Animal Cage Enrichment
836,Laboratory Animal Cage Enrichment
1526,Laboratory Animal Cage Enrichment
1628,Laboratory Animal Cage Enrichment
1630,Laboratory Animal Cage Enrichment
1631,Laboratory Animal Cage Enrichment
1632,Laboratory Animal Cage Enrichment
1634,Laboratory Animal Cage Enrichment
1635,Laboratory Animal Cage Enrichment
1636,Laboratory Animal Cage Enrichment
1637,Laboratory Animal Cage Enrichment
1638,Laboratory Animal Cage Enrichment
1639,Laboratory Animal Cage Enrichment
1640,Laboratory Animal Cage Enrichment
1641,Laboratory Animal Cage Enrichment
1725,Laboratory Animal Cage Enrichment
1727,Laboratory Animal Cage Enrichment
1728,Laboratory Animal Cage Enrichment
1732,Laboratory Animal Cage Enrichment
1733,Laboratory Animal Cage Enrichment
1736,Laboratory Animal Cage Enrichment
1737,Laboratory Animal Cage Enrichment
1738,Laboratory Animal Cage Enrichment
1739,Laboratory Animal Cage Enrichment
1740,Laboratory Animal Cage Enrichment
1741,Laboratory Animal Cage Enrichment
1742,Laboratory Animal Cage Enrichment
1743,Laboratory Animal Cage Enrichment
1744,Laboratory Animal Cage Enrichment
1745,Laboratory Animal Cage Enrichment
1746,Laboratory Animal Cage Enrichment
1748,Laboratory Animal Cage Enrichment
1749,Laboratory Animal Cage Enrichment
1750,Laboratory Animal Cage Enrichment
1751,Laboratory Animal Cage Enrichment
1753,Laboratory Animal Cage Enrichment
1754,Laboratory Animal Cage Enrichment
1757,Laboratory Animal Cage Enrichment
1765,Laboratory Animal Cage Enrichment
1780,Laboratory Animal Cage Enrichment
1781,Laboratory Animal Cage Enrichment
1782,Laboratory Animal Cage Enrichment
1783,Laboratory Animal Cage Enrichment
1784,Laboratory Animal Cage Enrichment
1785,Laboratory Animal Cage Enrichment
1788,Laboratory Animal Cage Enrichment
1789,Laboratory Animal Cage Enrichment
1790,Laboratory Animal Cage Enrichment
1791,Laboratory Animal Cage Enrichment
1795,Laboratory Animal Cage Enrichment
1797,Laboratory Animal Cage Enrichment
1799,Laboratory Animal Cage Enrichment
1811,Laboratory Animal Cage Enrichment
1812,Laboratory Animal Cage Enrichment
1817,Laboratory Animal Cage Enrichment
1818,Laboratory Animal Cage Enrichment
1821,Laboratory Animal Cage Enrichment
1823,Laboratory Animal Cage Enrichment
1824,Laboratory Animal Cage Enrichment
1825,Laboratory Animal Cage Enrichment
1827,Laboratory Animal Cage Enrichment
1844,Laboratory Animal Cage Enrichment
1845,Laboratory Animal Cage Enrichment
1846,Laboratory Animal Cage Enrichment
1847,Laboratory Animal Cage Enrichment
1849,Laboratory Animal Cage Enrichment
1853,Laboratory Animal Cage Enrichment
1854,Laboratory Animal Cage Enrichment
1858,Laboratory Animal Cage Enrichment
1859,Laboratory Animal Cage Enrichment
1861,Laboratory Animal Cage Enrichment
1862,Laboratory Animal Cage Enrichment
1863,Laboratory Animal Cage Enrichment
1866,Laboratory Animal Cage Enrichment
1868,Laboratory Animal Cage Enrichment
1875,Laboratory Animal Cage Enrichment
1877,Laboratory Animal Cage Enrichment
1880,Laboratory Animal Cage Enrichment
1884,Laboratory Animal Cage Enrichment
1885,Laboratory Animal Cage Enrichment
1892,Laboratory Animal Cage Enrichment
1897,Laboratory Animal Cage Enrichment
1899,Laboratory Animal Cage Enrichment
1901,Laboratory Animal Cage Enrichment
1902,Laboratory Animal Cage Enrichment
1903,Laboratory Animal Cage Enrichment
1905,Laboratory Animal Cage Enrichment
1912,Laboratory Animal Cage Enrichment
1913,Laboratory Animal Cage Enrichment
1914,Laboratory Animal Cage Enrichment
1915,Laboratory Animal Cage Enrichment
1916,Laboratory Animal Cage Enrichment
1917,Laboratory Animal Cage Enrichment
1918,Laboratory Animal Cage Enrichment
1919,Laboratory Animal Cage Enrichment
1920,Laboratory Animal Cage Enrichment
1922,Laboratory Animal Cage Enrichment
1925,Laboratory Animal Cage Enrichment
1932,Laboratory Animal Cage Enrichment
1933,Laboratory Animal Cage Enrichment
1945,Laboratory Animal Cage Enrichment
1946,Laboratory Animal Cage Enrichment
1948,Laboratory Animal Cage Enrichment
1953,Laboratory Animal Cage Enrichment
1955,Laboratory Animal Cage Enrichment
1957,Laboratory Animal Cage Enrichment
1958,Laboratory Animal Cage Enrichment
1960,Laboratory Animal Cage Enrichment
1969,Laboratory Animal Cage Enrichment
1970,Laboratory Animal Cage Enrichment
1971,Laboratory Animal Cage Enrichment
1972,Laboratory Animal Cage Enrichment
1973,Laboratory Animal Cage Enrichment
1974,Laboratory Animal Cage Enrichment
1975,Laboratory Animal Cage Enrichment
1978,Laboratory Animal Cage Enrichment
1988,Laboratory Animal Cage Enrichment
1990,Laboratory Animal Cage Enrichment
1991,Laboratory Animal Cage Enrichment
1992,Laboratory Animal Cage Enrichment
1993,Laboratory Animal Cage Enrichment
1994,Laboratory Animal Cage Enrichment
1995,Laboratory Animal Cage Enrichment
1996,Laboratory Animal Cage Enrichment
1998,Laboratory Animal Cage Enrichment
2007,Laboratory Animal Cage Enrichment
2009,Laboratory Animal Cage Enrichment
2016,Laboratory Animal Cage Enrichment
2019,Laboratory Animal Cage Enrichment
2027,Laboratory Animal Cage Enrichment
2028,Laboratory Animal Cage Enrichment
2030,Laboratory Animal Cage Enrichment
2033,Laboratory Animal Cage Enrichment
2036,Laboratory Animal Cage Enrichment
2039,Laboratory Animal Cage Enrichment
2043,Laboratory Animal Cage Enrichment
2044,Laboratory Animal Cage Enrichment
2045,Laboratory Animal Cage Enrichment
2047,Laboratory Animal Cage Enrichment
2054,Laboratory Animal Cage Enrichment
2055,Laboratory Animal Cage Enrichment
2074,Laboratory Animal Cage Enrichment
2080,Laboratory Animal Cage Enrichment
2081,Laboratory Animal Cage Enrichment
2082,Laboratory Animal Cage Enrichment
2093,Laboratory Animal Cage Enrichment
2095,Laboratory Animal Cage Enrichment
2096,Laboratory Animal Cage Enrichment
2097,Laboratory Animal Cage Enrichment
2099,Laboratory Animal Cage Enrichment
2102,Laboratory Animal Cage Enrichment
2103,Laboratory Animal Cage Enrichment
2105,Laboratory Animal Cage Enrichment
2106,Laboratory Animal Cage Enrichment
2115,Laboratory Animal Cage Enrichment
2116,Laboratory Animal Cage Enrichment
2120,Laboratory Animal Cage Enrichment
2132,Laboratory Animal Cage Enrichment
2133,Laboratory Animal Cage Enrichment
2137,Laboratory Animal Cage Enrichment
2141,Laboratory Animal Cage Enrichment
2149,Laboratory Animal Cage Enrichment
2154,Laboratory Animal Cage Enrichment
2160,Laboratory Animal Cage Enrichment
2168,Laboratory Animal Cage Enrichment
2172,Laboratory Animal Cage Enrichment
2173,Laboratory Animal Cage Enrichment
2176,Laboratory Animal Cage Enrichment
2179,Laboratory Animal Cage Enrichment
2180,Laboratory Animal Cage Enrichment
2182,Laboratory Animal Cage Enrichment
2184,Laboratory Animal Cage Enrichment
2185,Laboratory Animal Cage Enrichment
2186,Laboratory Animal Cage Enrichment
2187,Laboratory Animal Cage Enrichment
2188,Laboratory Animal Cage Enrichment
2195,Laboratory Animal Cage Enrichment
2196,Laboratory Animal Cage Enrichment
2197,Laboratory Animal Cage Enrichment
2198,Laboratory Animal Cage Enrichment
2199,Laboratory Animal Cage Enrichment
2201,Laboratory Animal Cage Enrichment
2204,Laboratory Animal Cage Enrichment
2206,Laboratory Animal Cage Enrichment
2207,Laboratory Animal Cage Enrichment
2208,Laboratory Animal Cage Enrichment
2209,Laboratory Animal Cage Enrichment
2210,Laboratory Animal Cage Enrichment
2215,Laboratory Animal Cage Enrichment
2218,Laboratory Animal Cage Enrichment
2219,Laboratory Animal Cage Enrichment
2225,Laboratory Animal Cage Enrichment
2226,Laboratory Animal Cage Enrichment
2228,Laboratory Animal Cage Enrichment
2230,Laboratory Animal Cage Enrichment
2233,Laboratory Animal Cage Enrichment
2234,Laboratory Animal Cage Enrichment
2235,Laboratory Animal Cage Enrichment
2238,Laboratory Animal Cage Enrichment
2247,Laboratory Animal Cage Enrichment
2248,Laboratory Animal Cage Enrichment
2252,Laboratory Animal Cage Enrichment
2253,Laboratory Animal Cage Enrichment
2259,Laboratory Animal Cage Enrichment
2260,Laboratory Animal Cage Enrichment
2261,Laboratory Animal Cage Enrichment
2263,Laboratory Animal Cage Enrichment
2267,Laboratory Animal Cage Enrichment
2269,Laboratory Animal Cage Enrichment
2274,Laboratory Animal Cage Enrichment
2276,Laboratory Animal Cage Enrichment
2280,Laboratory Animal Cage Enrichment
2281,Laboratory Animal Cage Enrichment
2282,Laboratory Animal Cage Enrichment
2283,Laboratory Animal Cage Enrichment
2293,Laboratory Animal Cage Enrichment
2299,Laboratory Animal Cage Enrichment
2304,Laboratory Animal Cage Enrichment
2306,Laboratory Animal Cage Enrichment
2323,Laboratory Animal Cage Enrichment
2324,Laboratory Animal Cage Enrichment
23,Laboratory Animal Diet
24,Laboratory Animal Diet
25,Laboratory Animal Diet
26,Laboratory Animal Diet
27,Laboratory Animal Diet
28,Laboratory Animal Diet
29,Laboratory Animal Diet
30,Laboratory Animal Diet
31,Laboratory Animal Diet
32,Laboratory Animal Diet
33,Laboratory Animal Diet
34,Laboratory Animal Diet
35,Laboratory Animal Diet
36,Laboratory Animal Diet
37,Laboratory Animal Diet
38,Laboratory Animal Diet
39,Laboratory Animal Diet
40,Laboratory Animal Diet
41,Laboratory Animal Diet
42,Laboratory Animal Diet
43,Laboratory Animal Diet
44,Laboratory Animal Diet
45,Laboratory Animal Diet
46,Laboratory Animal Diet
47,Laboratory Animal Diet
48,Laboratory Animal Diet
49,Laboratory Animal Diet
50,Laboratory Animal Diet
51,Laboratory Animal Diet
52,Laboratory Animal Diet
53,Laboratory Animal Diet
54,Laboratory Animal Diet
55,Laboratory Animal Diet
56,Laboratory Animal Diet
57,Laboratory Animal Diet
58,Laboratory Animal Diet
59,Laboratory Animal Diet
60,Laboratory Animal Diet
61,Laboratory Animal Diet
62,Laboratory Animal Diet
63,Laboratory Animal Diet
64,Laboratory Animal Diet
65,Laboratory Animal Diet
66,Laboratory Animal Diet
67,Laboratory Animal Diet
68,Laboratory Animal Diet
69,Laboratory Animal Diet
70,Laboratory Animal Diet
71,Laboratory Animal Diet
72,Laboratory Animal Diet
73,Laboratory Animal Diet
74,Laboratory Animal Diet
75,Laboratory Animal Diet
76,Laboratory Animal Diet
78,Laboratory Animal Diet
79,Laboratory Animal Diet
80,Laboratory Animal Diet
81,Laboratory Animal Diet
82,Laboratory Animal Diet
83,Laboratory Animal Diet
84,Laboratory Animal Diet
85,Laboratory Animal Diet
86,Laboratory Animal Diet
87,Laboratory Animal Diet
89,Laboratory Animal Diet
90,Laboratory Animal Diet
91,Laboratory Animal Diet
92,Laboratory Animal Diet
93,Laboratory Animal Diet
94,Laboratory Animal Diet
95,Laboratory Animal Diet
96,Laboratory Animal Diet
97,Laboratory Animal Diet
98,Laboratory Animal Diet
99,Laboratory Animal Diet
100,Laboratory Animal Diet
101,Laboratory Animal Diet
102,Laboratory Animal Diet
103,Laboratory Animal Diet
104,Laboratory Animal Diet
105,Laboratory Animal Diet
106,Laboratory Animal Diet
107,Laboratory Animal Diet
108,Laboratory Animal Diet
109,Laboratory Animal Diet
110,Laboratory Animal Diet
111,Laboratory Animal Diet
112,Laboratory Animal Diet
113,Laboratory Animal Diet
114,Laboratory Animal Diet
115,Laboratory Animal Diet
116,Laboratory Animal Diet
117,Laboratory Animal Diet
118,Laboratory Animal Diet
119,Laboratory Animal Diet
120,Laboratory Animal Diet
121,Laboratory Animal Diet
122,Laboratory Animal Diet
123,Laboratory Animal Diet
124,Laboratory Animal Diet
125,Laboratory Animal Diet
126,Laboratory Animal Diet
127,Laboratory Animal Diet
128,Laboratory Animal Diet
129,Laboratory Animal Diet
130,Laboratory Animal Diet
131,Laboratory Animal Diet
132,Laboratory Animal Diet
133,Laboratory Animal Diet
134,Laboratory Animal Diet
135,Laboratory Animal Diet
136,Laboratory Animal Diet
137,Laboratory Animal Diet
138,Laboratory Animal Diet
139,Laboratory Animal Diet
140,Laboratory Animal Diet
141,Laboratory Animal Diet
142,Laboratory Animal Diet
143,Laboratory Animal Diet
144,Laboratory Animal Diet
145,Laboratory Animal Diet
146,Laboratory Animal Diet
147,Laboratory Animal Diet
148,Laboratory Animal Diet
149,Laboratory Animal Diet
150,Laboratory Animal Diet
151,Laboratory Animal Diet
152,Laboratory Animal Diet
153,Laboratory Animal Diet
154,Laboratory Animal Diet
155,Laboratory Animal Diet
156,Laboratory Animal Diet
157,Laboratory Animal Diet
158,Laboratory Animal Diet
159,Laboratory Animal Diet
160,Laboratory Animal Diet
423,Laboratory Animal Diet
424,Laboratory Animal Diet
425,Laboratory Animal Diet
426,Laboratory Animal Diet
427,Laboratory Animal Diet
428,Laboratory Animal Diet
523,Laboratory Animal Diet
524,Laboratory Animal Diet
525,Laboratory Animal Diet
526,Laboratory Animal Diet
527,Laboratory Animal Diet
529,Laboratory Animal Diet
530,Laboratory Animal Diet
531,Laboratory Animal Diet
532,Laboratory Animal Diet
533,Laboratory Animal Diet
534,Laboratory Animal Diet
535,Laboratory Animal Diet
536,Laboratory Animal Diet
537,Laboratory Animal Diet
538,Laboratory Animal Diet
539,Laboratory Animal Diet
540,Laboratory Animal Diet
541,Laboratory Animal Diet
542,Laboratory Animal Diet
543,Laboratory Animal Diet
544,Laboratory Animal Diet
545,Laboratory Animal Diet
546,Laboratory Animal Diet
547,Laboratory Animal Diet
548,Laboratory Animal Diet
549,Laboratory Animal Diet
550,Laboratory Animal Diet
551,Laboratory Animal Diet
552,Laboratory Animal Diet
553,Laboratory Animal Diet
554,Laboratory Animal Diet
555,Laboratory Animal Diet
556,Laboratory Animal Diet
557,Laboratory Animal Diet
558,Laboratory Animal Diet
559,Laboratory Animal Diet
560,Laboratory Animal Diet
561,Laboratory Animal Diet
562,Laboratory Animal Diet
563,Laboratory Animal Diet
564,Laboratory Animal Diet
565,Laboratory Animal Diet
566,Laboratory Animal Diet
567,Laboratory Animal Diet
823,Laboratory Animal Diet
824,Laboratory Animal Diet
1525,Laboratory Animal Diet
1755,Laboratory Animal Diet
1768,Laboratory Animal Diet
1770,Laboratory Animal Diet
1770,Laboratory Animal Diet
1772,Laboratory Animal Diet
1777,Laboratory Animal Diet
1796,Laboratory Animal Diet
1805,Laboratory Animal Diet
1807,Laboratory Animal Diet
1808,Laboratory Animal Diet
1810,Laboratory Animal Diet
1816,Laboratory Animal Diet
1819,Laboratory Animal Diet
1820,Laboratory Animal Diet
1826,Laboratory Animal Diet
1828,Laboratory Animal Diet
1831,Laboratory Animal Diet
1832,Laboratory Animal Diet
1833,Laboratory Animal Diet
1835,Laboratory Animal Diet
1836,Laboratory Animal Diet
1860,Laboratory Animal Diet
1879,Laboratory Animal Diet
1881,Laboratory Animal Diet
1882,Laboratory Animal Diet
1888,Laboratory Animal Diet
1889,Laboratory Animal Diet
1898,Laboratory Animal Diet
1923,Laboratory Animal Diet
1924,Laboratory Animal Diet
1926,Laboratory Animal Diet
1927,Laboratory Animal Diet
1928,Laboratory Animal Diet
1930,Laboratory Animal Diet
1931,Laboratory Animal Diet
1934,Laboratory Animal Diet
1942,Laboratory Animal Diet
1944,Laboratory Animal Diet
1949,Laboratory Animal Diet
1952,Laboratory Animal Diet
1959,Laboratory Animal Diet
1961,Laboratory Animal Diet
1962,Laboratory Animal Diet
1964,Laboratory Animal Diet
1965,Laboratory Animal Diet
1979,Laboratory Animal Diet
1980,Laboratory Animal Diet
1982,Laboratory Animal Diet
1983,Laboratory Animal Diet
1985,Laboratory Animal Diet
1989,Laboratory Animal Diet
1999,Laboratory Animal Diet
2000,Laboratory Animal Diet
2001,Laboratory Animal Diet
2002,Laboratory Animal Diet
2003,Laboratory Animal Diet
2004,Laboratory Animal Diet
2005,Laboratory Animal Diet
2008,Laboratory Animal Diet
2011,Laboratory Animal Diet
2012,Laboratory Animal Diet
2017,Laboratory Animal Diet
2024,Laboratory Animal Diet
2034,Laboratory Animal Diet
2035,Laboratory Animal Diet
2041,Laboratory Animal Diet
2050,Laboratory Animal Diet
2059,Laboratory Animal Diet
2062,Laboratory Animal Diet
2066,Laboratory Animal Diet
2067,Laboratory Animal Diet
2068,Laboratory Animal Diet
2070,Laboratory Animal Diet
2071,Laboratory Animal Diet
2072,Laboratory Animal Diet
2075,Laboratory Animal Diet
2076,Laboratory Animal Diet
2077,Laboratory Animal Diet
2100,Laboratory Animal Diet
2101,Laboratory Animal Diet
2105,Laboratory Animal Diet
2108,Laboratory Animal Diet
2112,Laboratory Animal Diet
2113,Laboratory Animal Diet
2117,Laboratory Animal Diet
2118,Laboratory Animal Diet
2122,Laboratory Animal Diet
2124,Laboratory Animal Diet
2125,Laboratory Animal Diet
2134,Laboratory Animal Diet
2136,Laboratory Animal Diet
2138,Laboratory Animal Diet
2139,Laboratory Animal Diet
2151,Laboratory Animal Diet
2152,Laboratory Animal Diet
2153,Laboratory Animal Diet
2158,Laboratory Animal Diet
2165,Laboratory Animal Diet
2169,Laboratory Animal Diet
2170,Laboratory Animal Diet
2177,Laboratory Animal Diet
2178,Laboratory Animal Diet
2181,Laboratory Animal Diet
2189,Laboratory Animal Diet
2190,Laboratory Animal Diet
2191,Laboratory Animal Diet
2200,Laboratory Animal Diet
2203,Laboratory Animal Diet
2205,Laboratory Animal Diet
2216,Laboratory Animal Diet
2217,Laboratory Animal Diet
2221,Laboratory Animal Diet
2222,Laboratory Animal Diet
2231,Laboratory Animal Diet
2236,Laboratory Animal Diet
2242,Laboratory Animal Diet
2243,Laboratory Animal Diet
2249,Laboratory Animal Diet
2250,Laboratory Animal Diet
2251,Laboratory Animal Diet
2258,Laboratory Animal Diet
2262,Laboratory Animal Diet
2268,Laboratory Animal Diet
2275,Laboratory Animal Diet
2278,Laboratory Animal Diet
2279,Laboratory Animal Diet
2294,Laboratory Animal Diet
2295,Laboratory Animal Diet
2300,Laboratory Animal Diet
2301,Laboratory Animal Diet
2302,Laboratory Animal Diet
2305,Laboratory Animal Diet
2310,Laboratory Animal Diet
2311,Laboratory Animal Diet
2312,Laboratory Animal Diet
2313,Laboratory Animal Diet
2314,Laboratory Animal Diet
2316,Laboratory Animal Diet
2317,Laboratory Animal Diet
2318,Laboratory Animal Diet
2319,Laboratory Animal Diet
2321,Laboratory Animal Diet
584,Laboratory Equipment
747,Laboratory Equipment
748,Laboratory Equipment
749,Laboratory Equipment
750,Laboratory Equipment
751,Laboratory Equipment
752,Laboratory Equipment
753,Laboratory Equipment
754,Laboratory Equipment
755,Laboratory Equipment
1023,Laboratory Equipment
1025,Laboratory Equipment
1026,Laboratory Equipment
1769,Laboratory Equipment
1774,Laboratory Equipment
1776,Laboratory Equipment
1798,Laboratory Equipment
1801,Laboratory Equipment
1802,Laboratory Equipment
1806,Laboratory Equipment
1904,Laboratory Equipment
1939,Laboratory Equipment
1966,Laboratory Equipment
1968,Laboratory Equipment
2031,Laboratory Equipment
2032,Laboratory Equipment
2037,Laboratory Equipment
2037,Laboratory Equipment
2038,Laboratory Equipment
2040,Laboratory Equipment
2051,Laboratory Equipment
2052,Laboratory Equipment
2141,Laboratory Equipment
2142,Laboratory Equipment
2143,Laboratory Equipment
2144,Laboratory Equipment
2145,Laboratory Equipment
2156,Laboratory Equipment
2157,Laboratory Equipment
2244,Laboratory Equipment
2245,Laboratory Equipment
2246,Laboratory Equipment
2254,Laboratory Equipment
2255,Laboratory Equipment
2270,Laboratory Equipment
2277,Laboratory Equipment
2315,Laboratory Equipment
2325,Laboratory Equipment
211,Laboratory Hygiene 
663,Laboratory Hygiene 
664,Laboratory Hygiene 
665,Laboratory Hygiene 
668,Laboratory Hygiene 
669,Laboratory Hygiene 
670,Laboratory Hygiene 
671,Laboratory Hygiene 
672,Laboratory Hygiene 
673,Laboratory Hygiene 
675,Laboratory Hygiene 
676,Laboratory Hygiene 
678,Laboratory Hygiene 
679,Laboratory Hygiene 
687,Laboratory Hygiene 
688,Laboratory Hygiene 
689,Laboratory Hygiene 
690,Laboratory Hygiene 
691,Laboratory Hygiene 
692,Laboratory Hygiene 
693,Laboratory Hygiene 
694,Laboratory Hygiene 
695,Laboratory Hygiene 
696,Laboratory Hygiene 
697,Laboratory Hygiene 
698,Laboratory Hygiene 
699,Laboratory Hygiene 
700,Laboratory Hygiene 
701,Laboratory Hygiene 
702,Laboratory Hygiene 
703,Laboratory Hygiene 
704,Laboratory Hygiene 
705,Laboratory Hygiene 
706,Laboratory Hygiene 
707,Laboratory Hygiene 
708,Laboratory Hygiene 
709,Laboratory Hygiene 
710,Laboratory Hygiene 
711,Laboratory Hygiene 
712,Laboratory Hygiene 
713,Laboratory Hygiene 
714,Laboratory Hygiene 
715,Laboratory Hygiene 
716,Laboratory Hygiene 
717,Laboratory Hygiene 
718,Laboratory Hygiene 
719,Laboratory Hygiene 
720,Laboratory Hygiene 
721,Laboratory Hygiene 
722,Laboratory Hygiene 
723,Laboratory Hygiene 
724,Laboratory Hygiene 
725,Laboratory Hygiene 
726,Laboratory Hygiene 
727,Laboratory Hygiene 
728,Laboratory Hygiene 
729,Laboratory Hygiene 
730,Laboratory Hygiene 
731,Laboratory Hygiene 
732,Laboratory Hygiene 
733,Laboratory Hygiene 
734,Laboratory Hygiene 
735,Laboratory Hygiene 
736,Laboratory Hygiene 
737,Laboratory Hygiene 
738,Laboratory Hygiene 
739,Laboratory Hygiene 
740,Laboratory Hygiene 
741,Laboratory Hygiene 
742,Laboratory Hygiene 
743,Laboratory Hygiene 
744,Laboratory Hygiene 
745,Laboratory Hygiene 
746,Laboratory Hygiene 
838,Laboratory Hygiene 
839,Laboratory Hygiene 
923,Laboratory Hygiene 
924,Laboratory Hygiene 
925,Laboratory Hygiene 
1627,Laboratory Hygiene 
1643,Laboratory Hygiene 
1644,Laboratory Hygiene 
1645,Laboratory Hygiene 
1646,Laboratory Hygiene 
1647,Laboratory Hygiene 
1648,Laboratory Hygiene 
1649,Laboratory Hygiene 
1650,Laboratory Hygiene 
1651,Laboratory Hygiene 
1652,Laboratory Hygiene 
1653,Laboratory Hygiene 
1654,Laboratory Hygiene 
1655,Laboratory Hygiene 
1656,Laboratory Hygiene 
1657,Laboratory Hygiene 
1658,Laboratory Hygiene 
1659,Laboratory Hygiene 
1660,Laboratory Hygiene 
1661,Laboratory Hygiene 
1662,Laboratory Hygiene 
1663,Laboratory Hygiene 
1664,Laboratory Hygiene 
1665,Laboratory Hygiene 
1666,Laboratory Hygiene 
1667,Laboratory Hygiene 
1668,Laboratory Hygiene 
1669,Laboratory Hygiene 
1670,Laboratory Hygiene 
1671,Laboratory Hygiene 
1672,Laboratory Hygiene 
1673,Laboratory Hygiene 
1674,Laboratory Hygiene 
1675,Laboratory Hygiene 
1676,Laboratory Hygiene 
1677,Laboratory Hygiene 
1678,Laboratory Hygiene 
1679,Laboratory Hygiene 
1778,Laboratory Hygiene 
1822,Laboratory Hygiene 
1841,Laboratory Hygiene 
1842,Laboratory Hygiene 
1869,Laboratory Hygiene 
1871,Laboratory Hygiene 
1883,Laboratory Hygiene 
1883,Laboratory Hygiene 
1911,Laboratory Hygiene 
1954,Laboratory Hygiene 
1987,Laboratory Hygiene 
2010,Laboratory Hygiene 
2018,Laboratory Hygiene 
2023,Laboratory Hygiene 
2029,Laboratory Hygiene 
2042,Laboratory Hygiene 
2053,Laboratory Hygiene 
2065,Laboratory Hygiene 
2069,Laboratory Hygiene 
2073,Laboratory Hygiene 
2121,Laboratory Hygiene 
2126,Laboratory Hygiene 
2128,Laboratory Hygiene 
2129,Laboratory Hygiene 
2130,Laboratory Hygiene 
2131,Laboratory Hygiene 
2135,Laboratory Hygiene 
2140,Laboratory Hygiene 
2175,Laboratory Hygiene 
2183,Laboratory Hygiene 
2193,Laboratory Hygiene 
2194,Laboratory Hygiene 
2202,Laboratory Hygiene 
2224,Laboratory Hygiene 
2239,Laboratory Hygiene 
2284,Laboratory Hygiene 
2285,Laboratory Hygiene 
2286,Laboratory Hygiene 
2287,Laboratory Hygiene 
2288,Laboratory Hygiene 
2289,Laboratory Hygiene 
2290,Laboratory Hygiene 
2291,Laboratory Hygiene 
2292,Laboratory Hygiene 
2296,Laboratory Hygiene 
2297,Laboratory Hygiene 
2307,Laboratory Hygiene 
2326,Laboratory Hygiene 
2327,Laboratory Hygiene 
2328,Laboratory Hygiene 
2329,Laboratory Hygiene 
2330,Laboratory Hygiene 
757,Laboratory Service
758,Laboratory Service
1027,Laboratory Service
1028,Laboratory Service
1029,Laboratory Service
1030,Laboratory Service
2155,Laboratory Service