New Internal Code,New Stock Code,Import Commodity Code,Sales Description
229,1024053,0712909090,Veggie Bites 10kg
1757,1024064,0712909090,"Veggie-Chips, 1.5 Kg/Bag"
2274,1029035,0712909090,"Veggie Bites 10kg, S/V, D/W, Irr25kGy, LVP"
190,1024014,0804300090,Fruity Gems 5kg
1866,1024074,0813503180,Fruit & Nut Foraging Mix
1955,1024084,0813503180,Mardi Gras Foraging Mix  
2033,1024089,0813503180,Fruit and Veggie Medley 5kg
2207,1024105,0813503180,Fruit and Veggie Medley 1kg
211,1024035,1206009900,"Sunflower Seeds, Black Oil - sterile - 0.75kg"
615,1026008,1206009900,Sunflower Hearts - 20kg
616,1026009,1206009900,Sunflower Seeds 
617,1026021,1206009900,Sunflower Seeds 1Kg 
1788,1026035,1206009900,Sunflower Kernels
1971,1026050,1206009900,Sunflower Hearts - 12.75 Carry Home
630,1029020,1206009900,"Sunflower Seed 10 X 1Kg, S/V, D/W,  LVP - Irr 25kGy"
631,1029021,1206009900,"Sunflower Seeds, P/W, Irr 25kGy"
2225,1029033,1206009900,"Sunflower Seed 10 X 1Kg, S/V, D/W,  LVP - Irr 50kGy"
227,1024051,1214909020,Timothy Cubes
1953,1024083,1214909020,"Timothy Hay Mini Bales X 4, Sterile"
1824,1024070,1301200000,"Acacia Gum, NF/FCC"
2313,1015035,2304000000,Soya Bean Meal
635,1032008,2308009000,Shepherds Specialty Blend 
1803,1032009,2308009000,Shepherds Specialty Blend Irradiated
450,1033001,2308009000,LBS Gold Cobs Gd 12 
342,1033002,2308009000,LBS Gold Cobs Gd 6 
2114,1033003,2308009000,LBS Corn Cob Gd 12 - 20kg
2257,1033004,2308009000,LBS Corn Cob Gd 16 - 20kg
2322,1033005,2308009000,LBS Gold Cobs Gd 12 - 10kg
1984,1038013,2308009000,Gold Cob Gd6 2.5kg Bag
355,1039008,2308009000,"Corn Cob Gd12, 1 x 8kg, D/W, LVP - Irr 25kGy "
1752,1039027,2308009000,"LBS Gold Cob Gd12, S/W, Boxed, LVP - Irr 25kGy"
2057,1039034,2308009000,"LBS Gold Cobs Gd12 10x1kg, S/V, D/W, LVP - Irr 50kGy"
2160,1024099,2309105100,Mini Yogurt Drops
2252,1024111,2309105100,"Yogurt Drops, Wildberry Flavour 1kg "
2293,1024122,2309105100,"Yogurt Drops, Wildberry Flavour 5kg"
192,1024016,2309903181,Nutra Blocks Pina Colada 144/Pack
193,1024017,2309903181,Nutra Blocks Very Berry 144/Pack
196,1024020,2309903181,"PRIMA-Treats®, Uncolored, Assorted Fruit Flavors, 5 gm Wafer, 1,000/Box"
212,1024036,2309903181,"Supreme Mini Treats Banana Flavour 1gm plt,1,000/Bag "
213,1024037,2309903181,"Supreme Mini Treats Chocolate Flavour 1gm plt,1,000/Bag "
214,1024038,2309903181,"Supreme Mini Treats Marshmallow Flavour 1gm plt, 1,000/Bag "
215,1024039,2309903181,"Supreme Mini Treats Pina Colada Flavour 1gm plt, 1,000/Bag "
216,1024040,2309903181,"Supreme Mini Treats Very Berry Flavour 1gm plt, 1,000/Bag "
217,1024041,2309903181,"Supreme Mini Treats Banana Flavour 1gm plt 5,000/Box "
218,1024042,2309903181,"Supreme Mini Treats Chocolate Flavour 1gm plt, 5,000/Box "
219,1024043,2309903181,"Supreme Mini Treats Marshmallow Flavour 1gm plt 5,000/Box "
220,1024044,2309903181,"Supreme Mini Treats Pina Colada Flavour 1gm plt, 5,000/Box "
221,1024045,2309903181,"Supreme Mini Treats Very Berry Flavour 1gm plt, 5,000/Box "
222,1024046,2309903181,"Supreme Mini Treats Banana Flavour 1,000/Bag - Sterile "
223,1024047,2309903181,"Supreme Mini Treats Chocolate Flavour 1,000/Bag - Sterile "
224,1024048,2309903181,"Supreme Mini Treats Marshmallow Flavour 1,000/Bag - Sterile "
225,1024049,2309903181,"Supreme Mini Treats Pina Colada Flavour 1,000/Bag - Sterile "
226,1024050,2309903181,"Supreme Mini Treats Very Berry Flavour 1,000/Bag - Sterile "
2093,1024091,2309903181,"PRIMA-Treats®, Assorted Fruit Flavors, 5 gm Wafer, 1,000/Box"
2238,1024110,2309903181,"PRIMA-Treats®, 5 gm Wafer, 1,000/Box Generic code specify flavour"
2261,1024115,2309903390,"NutraGel, AIN-93 (Complete Nutrition), 1 ounce (60/case) Sterile"
524,1015002,2309904189,Baileys Everyday High Fibre / Economy Cubes 
525,1015003,2309904189,Dengie Hi-Fi 
526,1015004,2309904189,Equilibra 500 
530,1015008,2309904189,Readigrass 
533,1015011,2309904189,Spillers H & P Nuts 
1952,1015030,2309904189,Dengie Alfa-A Molasses Free
1962,1015031,2309904189,Speedibeet
2125,1015034,2309904189,Haysoft Hay Chaff
825,1024060,2309904189,LBS Fine Primate Forage Mix
581,1024061,2309904189,LBS Forage Mix 
1875,1026037,2309904189,Supreme Wild Bird Feed
1972,1026051,2309904189,Wild Bird Mix No Mess - 12.75kg Carry Home
423,1011001,2309905190,SDS 100 Zebra Fish Diet 824856
23,1011002,2309905190,SDS 200 Zebra Fish Diet 824862
24,1011003,2309905190,SDS 300 Zebra Fish Diet 824867
25,1011004,2309905190,SDS 400 Zebra Fish Diet 824872
26,1011005,2309905190,SDS Aquatic No3 856300 
27,1011006,2309905190,SDS Brine Shrimp 824879 
28,1011007,2309905190,SDS CRM (E) 801730 
29,1011008,2309905190,SDS CRM (P) 801722 
30,1011009,2309905190,SDS Diet C 805160 
31,1011010,2309905190,SDS Diet F 807000 
32,1011011,2309905190,SDS Econ Rodent Breeder 801304
33,1011012,2309905190,SDS FD1 (P) 803172 
34,1011013,2309905190,"SDS HPB  Poultry Breeder, 802116 "
35,1011014,2309905190,SDS HPG 802104 
36,1011015,2309905190,SDS HPS 802110 
37,1011016,2309905190,Mazuri Macropod 853200 
38,1011017,2309905190,SDS Mini Marex 808016 
39,1011018,2309905190,SDS MP (E) 808005 
40,1011019,2309905190,SDS MP (E) FG 808006 
41,1011020,2309905190,SDS NWP Gluten Free 20% VFI 829041
42,1011021,2309905190,SDS NWP Gluten Free 75% VFI 829030
43,1011022,2309905190,SDS Old World Monkey (E) 808000 
44,1011023,2309905190,SDS Old World Monkey (E) Banana Chunks 808003
45,1011024,2309905190,Mazuri Pheasant Maintenance 852517
46,1011025,2309905190,SDS Rabma (P) Irrad 25kGy 803554
47,1011026,2309905190,SDS Rabma 803550
48,1011027,2309905190,SDS RB 8% CP ISO E (P) 829277
49,1011028,2309905190,SDS RM AFE 35% Fat Irrad 25kGy Heat Sealed 824052
50,1011029,2309905190,SDS RM AFE 45% Fat (P) 824053
51,1011030,2309905190,SDS RM1 (E) SQC FG 811004
52,1011031,2309905190,SDS RM1 (E) P/L 801005 
53,1011032,2309905190,SDS RM1 (E) SQC 811002
54,1011033,2309905190,SDS RM1 (Expanded) 801002
55,1011034,2309905190,SDS RM1 (P) 801151
56,1011035,2309905190,SDS RM1 (P) VP Irrad 25kGy 831195
57,1011036,2309905190,SDS RM3 (E) SQC FG 811182
58,1011037,2309905190,SDS RM3 (Expanded) 801066 
59,1011038,2309905190,SDS RM3 (P) 801700 
60,1011039,2309905190,SDS RM3 A (P) 801030 
61,1011040,2309905190,SDS SMP (E) SQC 811586 
62,1011041,2309905190,SDS SMP (Sow Mini Pig) 801586
63,1011042,2309905190,SDS Stanrab (P) 803500
64,1011043,2309905190,SDS Stanrab (P) SQC 813190
65,1011044,2309905190,SDS Transbreed (E) 801220
66,1011045,2309905190,SDS Transwean Irrad 25kGy 829035
67,1011046,2309905190,SDS Trio Munch Grains 1Kg 
68,1011047,2309905190,SDS Trio Munch Grains 808023
69,1011048,2309905190,SDS Trio Munch Rings 808021
70,1011049,2309905190,SDS Zebra Fish Diet Small Granular 824876
1525,1011050,2309905190,SDS RM3 (E) SQC 811181
1796,1011051,2309905190,SDS Old World Monkey Banana (E) 808002
1881,1011052,2309905190,SDS FD1 (P) SQC 813174
1982,1011053,2309905190,SDS RM3 (HDE) 801129
2041,1011054,2309905190,SDS 000 Fish Diet
2068,1011055,2309905190,SDS D3 (E) SQC - 815166
2200,1011056,2309905190,SDS Old World Monkey (E) (FG) 808001
2249,1011057,2309905190,SDS RM5 (P) A 801652
2317,1011058,2309905190,"SDS HPG Poultry Grower, in bulk"
2316,1011059,2309905190,"SDS HPB Poultry Breeder, in bulk"
424,1012001,2309905190,SDS CRM (P) 5Kg B/Box V/P Irrad 2.5mr 871514
71,1012002,2309905190,SDS CRM (P) VP Irrad 25kGy 871505
72,1012003,2309905190,SDS CRM (P) VP Irrad 25kGy 871514 (2 x 5kg)
73,1012004,2309905190,SDS RM1 (E) FG Irrad 25kGy V/P 831106 (2 x 5kg)
74,1012005,2309905190,SDS RM1 (E) FG SQC Irrad 2.5mr 811165
75,1012006,2309905190,"SDS RM1 (E) Irrad 25kGy (D/W, Paper Bag) 801492"
76,1012007,2309905190,SDS RM1 (E) SQC 25kGy  P/L 811812
78,1012009,2309905190,SDS RM1 (E) SQC Irrad 25kGy P/L 811020
79,1012010,2309905190,SDS RM1 (E) SQC Irrad H/Duty Plastic 811026
80,1012011,2309905190,SDS RM1 (E) VP Irrad 25kGy  831112 (2 x 2.5kg)
81,1012012,2309905190,SDS RM1 (P) P/L Irrad 25kGy 801155
82,1012013,2309905190,SDS RM3 (E) H/Duty Polysax Irrad. 25kGy 801185
83,1012014,2309905190,SDS RM3 (E) Irrad 25kGy 2 x 2.5Kg  831200 (2 x 2.5kg)
84,1012015,2309905190,SDS RM3 (E) Irrad 25kGy 801180
85,1012016,2309905190,SDS RM3 (E) P/L Irrad 25kGy 801192
86,1012017,2309905190,SDS RM3 (P) VP Irrad 25kGy 831198
87,1012018,2309905190,SDS RM3 (P) Irrad 25kGy 801190
89,1012020,2309905190,SDS RM3 (P) P/L Irrad 25kGy 801195
90,1012021,2309905190,SDS Transbreed (E) P/L Bags Irrad 25kGy 801222
1831,1012022,2309905190,SDS RM1 (HDE) P/L Irrad 25 kGy 801094
1832,1012023,2309905190,SDS RM5 (P)
1882,1012024,2309905190,SDS RM3 (HDE) 25kGy P/L 801096
2250,1012026,2309905190,SDS RM5 (P) 5kg VP Irr 25kGy 831412
2251,1012027,2309905190,SDS RM5 (P) P/L Irr 25kGy 
2278,1012028,2309905190,"SDS HPG Poultry Grower, P/L, Irr 25Kgy 802022"
2279,1012029,2309905190,"SDS HPB Poultry Breeder, P/L, Irrd 25Kgy 802024"
2319,1012030,2309905190,"SDS HPG Poultry Grower, Irr 25Kgy, in bulk"
2318,1012031,2309905190,"SDS HPB Poultry Breeder, Irr 25Kgy, in bulk"
2314,1012032,2309905190,SDS RM1 (P) QC VP Irrad 25kGy (2 x 5Kg) 831193
425,1013001,2309905190,SDS CRM (E) + 2000ppm Doxycycline (P) 824662
91,1013002,2309905190,SDS CRM (P)+ 625ppm Doxycyclin (P) Vp Irrad 25kGy 823939
92,1013003,2309905190,SDS RM3 (E) 200pm Doxycycline P/L Irrad 25kGy 823738
93,1013004,2309905190,SDS 10% CP W/W ISO 829205 
94,1013005,2309905190,SDS 20% CP W/W ISO 829206 
95,1013006,2309905190,SDS BK001 4% Salt Irrad 25kGy
96,1013007,2309905190,SDS CRM (P) + 10% Salmon Oil (P) 823173
97,1013008,2309905190,SDS Diet W (P) Irrad 25kGy 823181
98,1013009,2309905190,SDS High Fat Diet 821424 
99,1013010,2309905190,SDS Joyners Chick Meal 824090
100,1013011,2309905190,SDS Lieber Decarli Diet 829370
101,1013012,2309905190,SDS Low Phosphorous Diet 
102,1013013,2309905190,SDS RB 0.354% Dhasco Sy (P) V/P 826108
103,1013014,2309905190,SDS RB 18% Casein SY (P) 829252
104,1013015,2309905190,SDS RB 30% Casein Sy (P) 829251
105,1013016,2309905190,SDS RB 9% Casein SY (P) 829253
106,1013017,2309905190,SDS RB Dhasco Control Sy (P) V/P 826107
107,1013018,2309905190,"SDS RM 0.9 P, 0.6% Ca Sy (P)  824527"
108,1013019,2309905190,SDS RM AFE 45% Fat Diet Irrad 25kGy 824069
109,1013020,2309905190,SDS RM AFE 55% Fat 16% CP 29% Cho (M)  823166
110,1013021,2309905190,SDS RM CA Def (P) 
111,1013022,2309905190,SDS RM FE Def 25ppm Sy (P) 829557
112,1013023,2309905190,SDS RM1 (P) + 150ppm Fenbendazole 829755
113,1013024,2309905190,SDS RM1 (P) V/P Irrad 25kGy B/Box DO NOT USE - BULK PRICE
114,1013025,2309905190,SDS RM1 + 0.25% Adenine 823742
115,1013026,2309905190,SDS RM1 + 0.75% Adenine 824776
116,1013027,2309905190,SDS RM1 + 2g/Kg Resveratol (P) V/P
117,1013028,2309905190,SDS RM1 A (P) 801010
118,1013029,2309905190,SDS RM3 (E) + 150ppm Fenbendazole 823721
119,1013030,2309905190,SDS RM3 (E) + 7% Oil P/L Irrad 25kGy 821227
120,1013031,2309905190,SDS RM1 (P) +625ppm Doxycycline  823601
121,1013032,2309905190,SDS RM3 (E) DU 801080
122,1013033,2309905190,SDS RM3 (E) Helicobacter A (P)
123,1013034,2309905190,SDS RM3 (E) P/L  801070
124,1013035,2309905190,SDS RM3 (P) + 0.04% Iron Irrad 25kGy 823579
125,1013036,2309905190,SDS RM3 (P) + 0.4% Iron Irrad 25kGy 823577
126,1013037,2309905190,SDS RM3 (P) + 0.5% Ca + 0.5% Udca (P)
127,1013038,2309905190,SDS RM3 (P) + 0.5% Cholic Acid  824736
128,1013039,2309905190,SDS RM3 (P) + 120ppm T0901317 (P) 823941
129,1013040,2309905190,SDS RM3 (P) + 4% Naci (P) Irrad 25kGy 823518
130,1013041,2309905190,SDS RM3 (P) 5Kg Irrad 25kGy 831212
131,1013042,2309905190,SDS Stanab + 1% Cholesterol 823567
132,1013043,2309905190,Mazuri Termant Diet 10kg 828560 
133,1013044,2309905190,"SDS Vit D3 Powder 10,000iu/g 829410"
134,1013045,2309905190,SDS Western Diet (P) 829100
135,1013046,2309905190,SDS Western Diet VP Irrad 25kGy 829108
1755,1013047,2309905190,SDS GR3EK R20 (P) - 829072
1768,1013048,2309905190,SDS RM AFE 60% Fat (M) Irrad 25kGy - 824072
1777,1013049,2309905190,SDS DIO 60% High Fat Diet 824054
1805,1013050,2309905190,SDS Diet W (P) Irrad 25kGy 824199
1808,1013051,2309905190,SDS Analysis Charge
1828,1013052,2309905190,SDS RM3 (P) +0.5% CA +0.5% UDCA (P) 823928
1836,1013053,2309905190,SDS DIO 10% High Fat Diet (P) - 824050
1833,1013054,2309905190,SDS DIO 45% High Fat Diet (P) - 824018
1835,1013055,2309905190,SDS RM AFE 45% Fat (P) Diet Irrad 824019
1860,1013056,2309905190,SDS RM3 (E) FG 801067
1879,1013057,2309905190,SDS RM1 + 0.15% Adenine (P) -  824534
1888,1013058,2309905190,SDS Diet W (P) 10mm 25kGy 826118
1889,1013059,2309905190,SDS Maltodextrin
1923,1013060,2309905190,"SDS Vit D3 Powder 1,000iu/g 829473"
1926,1013061,2309905190,SDS RM 60% Fat + 0.03% Int747 (M) Irrad 25kGy - 820156
1927,1013062,2309905190,SDS RM AFE 60% Fat (M) Irrad 25kGy - 820158
1928,1013063,2309905190,SDS CRM (P) + 0.03% Int747 (P) Irrad 25kGy - 820160
1930,1013064,2309905190,SDS CRM (P) + 0.5% CA (P) Irrad 25kGy - 820162
1931,1013065,2309905190,SDS CRM (P) + 0.5% CA + 0.03% Int747 (P) Irrad 25kgy 820164
1942,1013066,2309905190,SDS RM1 +150ppm Fenbendazole (P) 829740
1959,1013067,2309905190,SDS Diet W (P) 5kg Irrad 25kGy 826131
1961,1013068,2309905190,SDS RB 8% CP ISO E (P) VP Irrad 25kGy 820192
1964,1013069,2309905190,SDS RM3 (E) + 300ppm Fenbendazole - 820194
1965,1013070,2309905190,"SDS RM1 + Peanut Oil, -Ve Vit B1 (P) - 820195"
1983,1013071,2309905190,SDS CRM (P) + 0.5% UDCA (P) Irrad 25kGy
1999,1013072,2309905190,"SDS RM1 (P) + 80mg/kg PU1, 25kGy - 820244"
2000,1013073,2309905190,"SDS RM1 (P) + 240mg/kg PU1, 25kGy - 820246"
2001,1013074,2309905190,"SDS RM1 (P) + 80mg/kg GSK82, 25kGy - 820248"
2002,1013075,2309905190,"SDS RM1 (P) + 240mg/kg GSK82, 25kGy - 820250"
2003,1013076,2309905190,"SDS RM1 (P) + 80mg/kg GSK99, 25kGy - 820252"
2004,1013077,2309905190,"SDS RM1 (P) + 240mg/kg GSK99, 25kGy - 820254"
2005,1013078,2309905190,SDS RM1 (P) 10mm 25kGy - 824815
2012,1013079,2309905190,SDS RM AFE 45% Fat (P) 16mm 824070
2017,1013080,2309905190,SDS RB 9% Casein SY Modified (P) 824239
2035,1013081,2309905190,SDS Mod Western SY (P) 25kGy 823117
2050,1013082,2309905190,"SDS RM –Ve Choline, -Ve Meth (P) - 824241"
2062,1013083,2309905190,SDS RM + 180ppm JNJ-40346527 (P) 1kg VP 
2066,1013084,2309905190,SDS RM AFE 45% Fat + 15% Cholesterol (P) 824063
2067,1013085,2309905190,SDS AIN-93G (P) - 829056
2070,1013086,2309905190,"SDS RM1 (P) + 720mg/kg PU1, 25kGy - 820402"
2071,1013087,2309905190,"SDS RM1 (P) + 720mg/kg GSK82, 25kGy - 820404"
2072,1013088,2309905190,"SDS RM1 (P) + 900mg/kg GSK02, 25kGy - 820406"
2075,1013089,2309905190,SDS CRM (P) + 0.15% Adenine (P) MIN 50kGy - 820303
2076,1013090,2309905190,SDS CRM (P) + 0.15% Adenine (P) - 820304
2077,1013091,2309905190,SDS CRM (P) MIN 50kGy - 820306
2101,1013092,2309905190,SDS RM1 (P) + 62.5mg/kg Atrovastatin - TBA
2108,1013093,2309905190,SDS Breslow Western Diet (P) 829119 (1kg packs)
2112,1013094,2309905190,SDS Diet Development Admin
2113,1013095,2309905190,SDS Emergency Manufacture Charge
2117,1013096,2309905190,SDS RB 9% Casein MODCHO (P) - 823238
2118,1013097,2309905190,SDS RB 9% Casein MOD2CHO (P) - 823239
2122,1013098,2309905190,SDS RM CC Lard SY (P) 826178
2136,1013099,2309905190,SDS Diet + Client Supplied Compound
2139,1013100,2309905190,SDS 30% CP W/W ISO 829207
2158,1013101,2309905190,SDS RM AFE 45% Fat + 0.15% Chol (P) 2.5kg VP Irrad 25kGy 8263163
2165,1013102,2309905190,SDS Diet W (P) 824199
2177,1013103,2309905190,SDS Western RD MOD VA SY (P) - 180516.14
2178,1013104,2309905190,SDS DIO 12% High Fat Diet (P) - 824051
2181,1013105,2309905190,SDS RM CC Lard SY (P) Irrad 25kGy - 180523.13
2189,1013106,2309905190,SDS RM -ve Glutamine (P) 25kGy - 820367
2190,1013107,2309905190,SDS DIO 10% High Fat Diet (M) - 824040
2191,1013108,2309905190,SDS RM1 + 0.1% DDC (P) - 824943
2203,1013109,2309905190,SDS RM 14% Protein + 0.1% DDC (P) - 820377
2205,1013110,2309905190,SDS GR3EK R20 (P) - 829072
2216,1013111,2309905190,SDS AIN 93M -VE Protein (M) in 5kg bags  –  823240
2217,1013112,2309905190,SDS RM AFE 10% Fat Diet (P) irrad 25kGy - 824075
2221,1013113,2309905190,SDS AIN-93G 7% MO (P) 1kg VP 25kGy - 820388
2222,1013114,2309905190,"SDS AIN-93G 0.9% MO, 6.1% w3 (P) 1kg VP 25kGy - 820390"
2231,1013115,2309905190,SDS RM3 A + 2% Carbonyl Iron (P)
2236,1013116,2309905190,SDS Lucerne (FG)
2243,1013117,2309905190,SDS RM AFE 12% Fat Diet Irrad 25kGy 824077 
2256,1013118,2309905190,SDS Western RD (P) 25kGy 1kg PL 
2262,1013119,2309905190,SDS RM 14% Protein + 0.1% DDC (P) Irrad 25kGy 191113.13 
2268,1013120,2309905190,SDS RM <0.025% Na (P) 823519
2305,1013121,2309905190,SDS RM AFE 45% Fat (P) 1kg PL 25kGy
2310,1013122,2309905190,RM1 (P) + 3g/kg Warfarin + Vitamin K1 1.5g/kg (P) PL 25kGy 2.5kg - 827092
2311,1013123,2309905190,SDS AIN-93M Mod 10% Cellulose (P)  - 827093
2312,1013124,2309905190,SDS AIN-93M Mod 10% FOS (P) - 827904
2321,1013125,2309905190,SDS RM3 (P) + 9380 ppm Nicotinamide (P) 25kGy - 820385
427,1014001,2309905190,Mazuri Kinkajou Cake 825535
136,1014002,2309905190,SDS Aquatic No4 856400
137,1014003,2309905190,Mazuri Browser Maintenance 853162
138,1014004,2309905190,Carnivore Suppliment 825186
139,1014005,2309905190,Mazuri Crane Diet  852185
140,1014006,2309905190,Mazuri Exotic Leaf Eater For Reptiles 853920
141,1014007,2309905190,Mazuri Flamingo (E) Diet 852191
142,1014008,2309905190,Mazuri Flamingo Breeder 852193
143,1014009,2309905190,Mazuri Marmoset Jelly 828518
144,1014010,2309905190,SDS Mazuri Leaf Eater Primate 858203
145,1014011,2309905190,Mazuri Marmoset Gum 828510
146,1014012,2309905190,Mazuri Zoo Grazer 853190
147,1014013,2309905190,Mazuri Ostrich Breeder 852189
148,1014014,2309905190,Mazuri Ostrich Grower Maintenance 852187
149,1014015,2309905190,Mazuri Red Panda Cake 825526
150,1014016,2309905190,Mazuri Reindeer Diet 853806
151,1014017,2309905190,Mazuri Sea Duck (Cr) Diet 852213
152,1014018,2309905190,SDS Tamaren Cake 828402 
153,1014019,2309905190,Mazuri Waterfowl Maintenance 852166
154,1014020,2309905190,Mazuri Zoo Diet A 854182 
155,1014021,2309905190,Mazuri Zoo Diet A Mini (E) 854183
1924,1014022,2309905190,Mazuri Lori Nectar
1989,1014023,2309905190,Mazuri Fish Eater Tablets 852000
2258,1014024,2309905190,Mazuri Insectivore
523,1015001,2309905190,Alfala Nuts
527,1015005,2309905190,Broad Wheat Bran 
531,1015009,2309905190,Saracen Crushed Oats
532,1015010,2309905190,Saracen English Bruised Oats
534,1015012,2309905190,Whole Wheat 
823,1015013,2309905190,Volac Blossom Easy Mix Milk Powder
535,1015014,2309905190,Countryfarm Cattle Grower 
536,1015015,2309905190,Countryfarm Chick Crumb 
537,1015016,2309905190,Countryfarm Ewe Nuts 18% 
538,1015017,2309905190,Countryfarm Layers Pellets
539,1015018,2309905190,Countryfarm Mixed Corn 
540,1015019,2309905190,Countryfarm Pig Grower 19 
541,1015020,2309905190,Countryfarm Sow Nuts 
542,1015021,2309905190,Goat Mix
543,1015022,2309905190,Grass Pellets 
544,1015023,2309905190,Large Cut Maize 
546,1015025,2309905190,Micronised Flaked Maize 
1816,1015028,2309905190,Whole Barley
1949,1015029,2309905190,Provimi 66 Fish Meal
2011,1015033,2309905190,Countryfarm Pig Grower 19 - 20kg
549,1016001,2309905190,Buck High Protein Pigeon 
550,1016002,2309905190,Chudleys Greyhound Maintenance
552,1016004,2309905190,Bonio 12.5kg
553,1016005,2309905190,Bonio Small Bite 
555,1016007,2309905190,Gerty Guinea Pig Mix 
556,1016008,2309905190,Go Cat 2Kg 
557,1016009,2309905190,KB Tropical Flake  542466 (2 x 200gm)
562,1016014,2309905190,Carp Pellet 
563,1016015,2309905190,Hikari Tropical Micro Pellets 45gm
564,1016016,2309905190,Reptomin 110gm 
566,1016018,2309905190,Nutra Plus Fry Feed 00 
567,1016019,2309905190,Royale Horizon XP 23 
1819,1016020,2309905190,Russell Rabbit
2105,1016025,2309905190,Non-hatching Decapsulated Brine Shrimp - 250ml
2169,1016026,2309905190,Pedigree Markies 12.5Kg
2170,1016027,2309905190,Winalot Shapes 15kg
2275,1016028,2309905190,Vitalin Ferret Food - 12kg
824,1018001,2309905190,D12492 Diet 
1772,1018002,2309905190,"Rodent Liquid Diet, Lieber-DeCarli '82, Control, Shake & Pour - F1259SP"
1770,1018003,2309905190,"Rodent Liquid Diet, Lieber-DeCarli '82, Ethanol, Shake & Pour - F1258SP"
1770,1018004,2309905190,"Maltodextrin, 10DE - 3585"
1807,1018005,2309905190,Insecta Snack - HabiStat Medivet
1810,1018006,2309905190,Gerbil Diet V1644
1821,1018007,2309905190,"Love Mash™, Rodent Reproductive Diet, 1/2"" Soft Pellets - Sterile"
1826,1018008,2309905190,"Rhesus Liquid Diet, Control"
1823,1018009,2309905190,"Monkey Dough Diet™, Banana Flavor"
1934,1018010,2309905190,"Rodent Liquid Diet, AIN-76-Modified, Casein Hydrolysate, Shake And Pour, Control F6112SP"
1944,1018011,2309905190,Nektar Plus 3000gm 
2151,1018012,2309905190,"Rodent Liquid Diet, Lieber-DeCarli '82, Ethanol & Maltose Dextrin, Shake & Pour - F1697SP"
2242,1018013,2309905190,"Rodent Liquid Diet, Pregnant/Weanling, High Protein, Lieber-DeCarli '82, Shake & Pour - F1264SP"
2300,1018014,2309905190,"Rodent Diet, Purified, Protein (11% kcal), Fat (20% kcal), Carbohydrate (69% kcal), 1/2” Pellets"
2301,1018015,2309905190,"Rodent Diet, Purified, Protein (14% kcal), Fat (20% kcal), Carbohydrate (66% kcal), 1/2” Pellets"
2302,1018016,2309905190,"Rodent Diet, Purified, Protein (6% kcal), Fat (60% kcal), Carbohydrate (34% kcal), 1/2” Pellets"
426,1019001,2309905190,"GR3EKR20 10 x 1Kg, S/V, D/W, LVP - Irr 50kGy"
428,1019002,2309905190,"SDS RM1 (E) FG SQC 10 x 1Kg, S/V, D/W, LVP - Irr 25kGy"
156,1019003,2309905190,"SDS RM1 (P) 10 x 2Kg, S/V, D/W, LVP - Irr 25kGy"
157,1019004,2309905190,"SDS RM3 (E) 10 x 1Kg, S/V, D/W, LVP - Irr 25kGy"
158,1019005,2309905190,"SDS RM3 (E) 10 x 1Kg, S/V, D/W, LVP - Irr 50kGy"
159,1019006,2309905190,"SDS RM3 (P) 10 x 1Kg, S/V, D/W, LVP - Irr 25kGy"
160,1019007,2309905190,"SDS RM3 (P) 10 x 2Kg, S/V, D/W, LVP - Irr 25kGy"
1820,1019008,2309905190,"Russell Rabbit 10 x 1kg, S/V, D/W, LVP -  Irr 25kGy"
1898,1019009,2309905190,"SDS Rabma 10kg, Plastic Tub, Irr 25kGy"
1985,1019010,2309905190,"SDS FD1 (P) 12.5kg, P/L, Boxed, LVP - Irr 25kGy "
2024,1019011,2309905190,"SDS RM1 (P) 12.5kg bag, LVP - Irr 25kGy"
2059,1019012,2309905190,"SDS RM3 (P) 10 x 1Kg, S/V, D/W, LVP - Irr 50kGy "
2100,1019013,2309905190,"SDS RM1 (E) SQC 10 x 1kg, S/V, D/W, LVP - Irr 25kGy "
2134,1019014,2309905190,"SDS RM3 (E) FG 10 x 1kg, S/V, D/W, LVP - Irr 25kGy"
2138,1019015,2309905190,"SDS RM1 (E) 10 x 1Kg, S/V, D/W, LVP - Irr 25kGy"
2152,1019016,2309905190,"SDS CRM (P) + 0.15% Adenine (P) 820304 10 x 1kg, S/V, D/W, LVP - Irr 50kGy"
2153,1019017,2309905190,"SDS CRM (P) 801722 10 x 1kg, S/V, D/W, LVP - Irr 50kGy"
2294,1019018,2309905190,"SDS HPS (P) 5 x 2Kg, Irr 25 kGy, D/W, S/V, LVP (802110)"
2295,1019019,2309905190,"SDS HPG (P) 5 x 2Kg, Irr 25 kGy, D/W, S/V, LVP (802104)"
433,1024002,2309905190,"Bacon Softies™, 1/2"" Pellets "
179,1024003,2309905190,Bunny Block Sweet Apple 100/box
180,1024004,2309905190,Bunny Block Orange 100/box
181,1024005,2309905190,Bunny Block Pineapple 100/box
182,1024006,2309905190,Bunny Block Very Berry 100/box
183,1024007,2309905190,Bunny Block Sweet Apple 25/box
184,1024008,2309905190,Bunny Block Orange 25/box
185,1024009,2309905190,Bunny Block Pineapple 25/box
186,1024010,2309905190,Bunny Block Very Berry 25/box
187,1024011,2309905190,Bunny Block Assorted 25/Box 5 of each flavour
189,1024013,2309905190,Fruit Crunchies 5kg
194,1024018,2309905190,Nutty Monkey Treats 1000/Pack F3788
195,1024019,2309905190,"PRANG™, Oral Rehydrator, Banana Flavor, 1 kg/Jar"
199,1024023,2309905190,"Dustless Precision Pellets®, 20 Mg Primate Purified Diet, Banana Flavour"
200,1024024,2309905190,"Dustless Precision Pellets®, 45 Mg, Primate Purified Diet, Banana Flavour, 50,000/Box"
201,1024025,2309905190,"Dustless Precision Pellets®, 20 Mg, Rodent Grain-Based Diet"
202,1024026,2309905190,"Dustless Precision Pellets®, 45 Mg, Rodent Grain-Based Diet"
203,1024027,2309905190,"Dustless Precision Pellets®, 20 Mg, Rodent Purified Diet"
204,1024028,2309905190,"Dustless Precision Pellets®, 45 Mg, Rodent, Purified, 50,000/Box"
205,1024029,2309905190,"Dustless Precision Pellets®, 20 Mg, Rodent Purified Diet, Chocolate Flavour"
206,1024030,2309905190,"Dustless Precision Pellets®, 45 Mg, Rodent Purified Diet, Chocolate Flavour"
207,1024031,2309905190,"Dustless Precision Pellets®, 45 mg, Sucrose, Unflavoured"
208,1024032,2309905190,"Dustless Precision Pellets®, 45 mg, Sucrose, Banana Flavour"
209,1024033,2309905190,"Dustless Precision Pellets®, 45 mg, Sucrose, Chocolate Flavour"
228,1024052,2309905190,"Transgenic Dough Diet™, Bacon Flavor, 1kg"
1725,1024063,2309905190,"Ketogenic Diet, AIUN-76A-Modified, High Fat 5kg "
1785,1024066,2309905190,K-9 Beef Treat
1817,1024068,2309905190,B Wholesome Treats
1818,1024069,2309905190,"Beefy Bites, 3/8"" Pellets"
1825,1024071,2309905190,"SD Pro Primate Probiotic, Strawberry Flavor, 5 gm Tablet, 30 Tablets/Jar"
1847,1024072,2309905190,"Turf Foraging Crumbles™, Pina Colada Flavor"
1868,1024073,2309905190,"Fruit Crunchies, 190mg Pellet"
1877,1024076,2309905190,"Crumble Disks™, Banana Flavor, 35 Gm"
1885,1024077,2309905190,"Mouse Diet, High Fat, Fat Calories (60%), Soft Pellets"
1897,1024078,2309905190,"Ketogenic Diet, AIUN-76A-Modified, High Fat 5kg, Sterile"
1990,1024085,2309905190,"Mouse Diet, High Fat, Fat Calories (60%), Soft Pellets Sterile"
2007,1024086,2309905190,"Fruit Crunchies Sterile, 190mg pellet 1kg"
2036,1024090,2309905190,"Rodent Diet, Grain-Based, Control, 10kg F3028"
2102,1024092,2309905190,Nylabone Romp 'n Chomp Mini Treat Toy Refils (8)
2106,1024093,2309905190,"Star Puffs, 3lb bag"
2115,1024095,2309905190,"Rodent Diet, Grain-Based, Doxycycline (40 mg/kg), 1/2"" Green Pellets"
2116,1024096,2309905190,"Rodent Diet, Grain-Based, Doxycycline (1 gm/kg), 1/2"" Pellets "
2137,1024097,2309905190,Rodent MD's™ Placebo Grain-Based Bacon Flavour 100/Bag
2154,1024098,2309905190,Rodent MD's™ Rimadyl (2 mg/Tablet) Bacon Flavour
2179,1024100,2309905190,"Nutra-Gel Diet™, Purified Formula, Bacon Flavor, Dry Mix Kit"
2180,1024101,2309905190,"Nutra-Gel Diet™, Grain-Based Formula, Cherry Flavor, Dry Mix Kit"
2201,1024103,2309905190,"Rodent Diet, Grain-Based, Doxycycline (40 mg/kg), 1/2"" Red Pellets"
2215,1024106,2309905190,"Fruit-Topia Treats, Rasberry Mango Madness, 5 gm wafer, 250/Jar "
2226,1024107,2309905190,"Rodent Diet, Grain-Based, Control, 1kg F3028-1"
2228,1024108,2309905190,"Dustless Precision Pellets®, 14 Mg, Rodent Purified Diet"
2230,1024109,2309905190,"SD Pro Primate Probiotic, Powder, 75 Doses/Jar  "
2253,1024112,2309905190,"Rabbit Stix Pineapple, 3/16"" Pellet"
2259,1024113,2309905190,"Mouse Diet, High Fat, Fat Calories (60%), Paste,  Sterile"
2263,1024116,2309905190,"Fruit-Topia Treats, Strawberry Splash, 5gm wafer, 250/jar"
2269,1024119,2309905190,"Dustless Precision Pellets®, 20 mg, Sucrose,"
2276,1024121,2309905190,"Dustless Precision Pellets®, 20 mg, Sucrose, Banana Flavor"
2304,1024123,2309905190,"Dustless Precision Pellets, 45 mg Sucrose, 50,000/box - Sterile"
2323,1024124,2309905190,"Rodent Diet, High Fat (1850), Cholesterol (1.25%), Red, Paste"
624,1028007,2309905190,Grass Igloo - Small 18/box
2195,1028036,2309905190,Ribena Concentrate 6 x 1.5Ltr
2196,1028037,2309905190,Apple Juice Concentrate 12 x 1Ltr
2197,1028038,2309905190,Peanut Butter Smooth 6 x 340g
2198,1028039,2309905190,Peanut Butter Crunchy 6 x 340g
315,1029006,2309905190,"Bio-Serv Bunny Blocks 100/pack S/V, T/W, LVP -Irr 25kGy"
316,1029007,2309905190,"Fruit & Nut Foraging Mix 10 x 1Kg S/V, D/W, LVP - Irr 25kGy"
317,1029008,2309905190,"Fruit Crunchies 5 x 1kg, D/W, LVP - Irr 25kGy"
321,1029012,2309905190,"LBS Forage Mix 10 x 1Kg, S/V, D/W, LVP - Irr 25kGy"
2260,1024114,2309909695,"Pure WaterGel (Total Hydration), 1 ounce (60/case) Sterile"
2324,1024125,2309909695,"Pure WaterGel (Total Hydration), 2 ounce (40/case) Sterile"
435,1025001,3907201190,"Best Ball, Large, Blue 10"""
232,1025002,3907201190,"Best Ball, Small, Green 4"""
233,1025003,3907201190,"Best Ball, Medium, Red 6"""
234,1025004,3907201190,Big Red Apple
253,1025026,3907201190,Ferret Ball
303,1025091,3907201190,Ultimate Turf Swine Scratcher
1780,1025131,3907201190,"Best Ball, Ex Small, Purple 3"""
1781,1025132,3907201190,"Best Ball, X/Large, Orange 14"""
2096,1025168,3907201190,Fleece Replacement Pads
1769,1051010,3907201190,Liquid Diet Shake and Pour Bottle
584,1025008,3907400090,Clear Plastic Cups 100/Pack 9051
436,1025009,3907400090,Crawl Ball - Amber
237,1025010,3907400090,Crawl Ball - Red Tinted
238,1025011,3907400090,Crumble Disc Holder
250,1025023,3907400090,Fast Trac - Amber
251,1025024,3907400090,Fast Trac - Blue
252,1025025,3907400090,Fat Rat Hut
254,1025027,3907400090,Finger Board (1 instock)
256,1025029,3907400090,Guinea Pig Hut
261,1025034,3907400090,InnoDome Red (25/pack) 
262,1025035,3907400090,InnoWheel Red (25/pack)
263,1025036,3907400090,Jingle Ball
279,1025052,3907400090,Mini Red Tinted Tunnel K3336
281,1025056,3907400090,Mouse Arch Red 
282,1025057,3907400090,Mouse Hut - Amber
283,1025058,3907400090,Mouse Hut - Red
284,1025059,3907400090,Mouse Igloo - Amber
285,1025060,3907400090,Mouse Igloo - Red
286,1025061,3907400090,Mouse Igloo Floor
287,1025062,3907400090,Mouse  Tunnel - Red
438,1025064,3907400090,Mouse Tunnels - Amber
587,1025068,3907400090,"Mouse Igloo Replacement Pins, Plastic 25/Pack"
291,1025070,3907400090,Primate Busy Box
292,1025071,3907400090,Pup Tent Red
293,1025072,3907400090,Rabbit Hut
294,1025073,3907400090,Rat Tunnel - Amber
295,1025074,3907400090,Rat Tunnel - Red
440,1025077,3907400090,Rat Retreat - Amber
297,1025078,3907400090,Rat Retreat - Red Certified
441,1025083,3907400090,Shake-a-Treat Junior
298,1025084,3907400090,Shake-a-Treat
1639,1025120,3907400090,Rat / Aquatic Retreat Blue
1727,1025124,3907400090,Mouse Trapeze
1749,1025125,3907400090,Mouse / Aquatic Igloo Blue
1765,1025126,3907400090,Safe Harbour Mouse Retreat
1811,1025141,3907400090,Mouse / Aquatic Hut Blue
2019,1025157,3907400090,Pup Tent Amber
2120,1025172,3907400090,Mouse Tunnels - Clear
2168,1025175,3907400090,Mouse Arch Amber
2267,1025189,3907400090,Pyramid Feeder
2031,1051021,3907400090,"Insert Lid, White Paper 500/Pack - 9049"
2032,1051022,3907400090,"Cup Tray, Clear Plastic, Reusable - 9040"
2156,1051034,3907400090,"Bio-assay tray - 128 cells white, 120/case high intensity polystyrene"
2157,1051035,3907400090,Bio-assay tray lid- 16 cells clear P.E. film on P.E. liner; pressure sensitive adhesive 100/pack
239,1025012,3907998090,Cyclone Chew Large
243,1025016,3907998090,"Dumbbell Small, 3.75"""
244,1025017,3907998090,Dumbbell Extra Large
245,1025018,3907998090,Dumbbell Large
246,1025019,3907998090,"Dumbbell Medium 4.75"""
289,1025066,3907998090,Nylabone Ring Giant
439,1025069,3907998090,Precious Gem
305,1025093,3907998090,"Texas T-Bone Large, 6.25"" long x 4.5"" wide"
308,1025096,3907998090,"Tuff Turf Replacement Pad, Large"
309,1025097,3907998090,"Tuff Turf Replacement Pads, Small"
1635,1025116,3907998090,"Nylabone Pro Action, Large"
1636,1025117,3907998090,Cyclone Chew Small
1782,1025133,3907998090,"Grenades - Small 3.5"" "
1783,1025134,3907998090,"Grenades - Large 5"" "
1994,1025154,3907998090,Flexi Keys - Medium
2074,1025165,3907998090,Lucky Clover Chew
2176,1025176,3907998090,Flexi Keys - Large
2184,1025178,3907998090,"Grenades - Medium 4"""
2208,1025183,3907998090,Bionic Stuffer
2209,1025184,3907998090,"Bionic Bone, Medium"
2210,1025185,3907998090,"Bionic Urban Stick, Large"
2233,1025187,3907998090,Bionic Ball
2306,1025191,3907998090,"Texas T-Bone, Medium,  5.25"" long x 3.5"" wide"
247,1025020,3908900090,Dura Chew Large
248,1025021,3908900090,Dura Chew Medium
290,1025067,3908900090,"Bio-Serv Half Nylon Bone, Petite, Green, 100/Pack "
2188,1025181,3908900090,"Bio-Serv Nylon Bone, Petite, Green, 50/Pack"
280,1025055,3909501000,Monster Chew Medium  - last few remaining
601,1025107,3926909790,I-Chew
235,1025005,4002999000,"Busy Buddy Football - Medium, Orange"
242,1025015,4002999000,DNA Flexer
257,1025030,4002999000,Havaball  Medium
258,1025031,4002999000,Havaball Large
259,1025032,4002999000,Havaball Small
260,1025033,4002999000,Hol-ee Mol-ee
265,1025038,4002999000,Jump'n'Jack - Medium
267,1025040,4002999000,"Kong Toy, Large, Black"
268,1025041,4002999000,"Kong Toy on Chain, XLarge, Black"
269,1025042,4002999000,"Kong Toy, XLarge, Black"
270,1025043,4002999000,"Kong Toy, Medium, Blue"
271,1025044,4002999000,"Kong Toy on Chain, Medium, Blue"
272,1025045,4002999000,"Kong Toy, Small, Blue "
273,1025046,4002999000,"Kong Toy, XLarge,Blue"
274,1025047,4002999000,"Kong Genius, Large, Assorted Colours"
275,1025048,4002999000,"Kong Toy, Large, Red"
276,1025049,4002999000,"Kong Toy, XLarge, Red"
277,1025050,4002999000,"Kong Toy on Chain, Red, Large"
278,1025051,4002999000,"Kong Toy on Chain, Red, Xlarge"
442,1025086,4002999000,"Squeeze'n'toss Football Large, 8"" long x 4.5"" high"
299,1025087,4002999000,"Squeeze'n'toss Football Medium, 5.75"" long x 3"" high"
300,1025088,4002999000,"Squeeze'n'toss Football Small, 4.5"" long x 2.5"" high"
1634,1025115,4002999000,Jump'n'Jack Large
1637,1025118,4002999000,"Busy Buddy Football - Large, Orange"
1640,1025121,4002999000,"Kong Toy, Large, Blue"
1526,1025122,4002999000,"Kong Toy, Small, Red"
1641,1025123,4002999000,Kong Toy on Chain Large Black
1784,1025135,4002999000,Nobbly Wobbly
1853,1025148,4002999000,"Kong Toy, King, Blue"
1899,1025151,4002999000,"Kong Genius, Small, Assorted Colours"
2016,1025156,4002999000,Jump'n'Jack - Small
2105,1025171,4002999000,"Kong Goodie Bone, Large, Red "
2149,1025174,4002999000,"Kong Toy on Chain, XLarge, Blue"
2182,1025177,4002999000,Kong Dental Chew Large Red
2234,1025188,4002999000,Kong Dental Chew Ex Large Red
446,1031001,4401210000,LBS Gold Chips Large 150/400
330,1031002,4401210000,LBS Gold Flake - Grade 5 
632,1031003,4401210000,Poly Wrapped Woodchips 
447,1031004,4401210000,LBS Aspen Classic B6
331,1031005,4401210000,LBS Aspen Midi 8/20
332,1031006,4401210000,Litaspen Premium 8/20 Sealed Poly Bag
333,1031007,4401210000,LBS Gold Mix 
448,1031008,4401210000,Canadian Aspen Chip - 8 - DISCONTINUED
334,1031009,4401210000,LBS Flake 
335,1031010,4401210000,LBS Gold Chips Premium - DISCONTINUED
336,1031011,4401210000,LBS Gold Shavings 
1852,1031013,4401210000,LBS Gold Chips Original
2098,1031014,4401210000,LBS Aspen Maxi
2171,1031015,4401210000,LBS Gold Shavings Premium
2227,1031016,4401210000,LBS Gold Grains (S16)
1625,1038007,4401210000,Gold Chips Original 2.5kg Bag
1626,1038008,4401210000,Gold Chips Premium 2.5Kg Bag
1872,1038010,4401210000,Gold Chips Large 2.5kg Bag
1873,1038011,4401210000,Gold Flake 2.5kg Bag
1874,1038012,4401210000,Gold Classic B6 2.5kg Bag
1986,1038014,4401210000,Gold Midi 8/20 2.5kg Bag
352,1039005,4401210000,Aspen Gd 8 - 1.5Kg S/V D/W - B/Box Irrad 25kGy
353,1039006,4401210000,Aspen Gd 8 - 4 x 1.5Kg S/V D/W Irrad 25kGy
354,1039007,4401210000,Aspen Gd 8 -120 x 1.5Kg S/V D/W - B/Box Irrad 25kGy
360,1039013,4401210000,"Gold Chip Large 10 x 500gm, S/V, D/W, LVP - Irr 25kGy"
361,1039014,4401210000,"Gold Chip Large 4 x 2Kg, V/P, D/W, LVP - Irr 25kGy"
362,1039015,4401210000,"Gold Flake 4 x 1.5Kg, S/V, D/W, LVP - Irr 25kGy"
454,1039018,4401210000,"LBS Gold Chip 10 x 500g, S/V, D/W, LVP - Irr 50kGy"
363,1039019,4401210000,"LBS Gold Chip 12 x 1Kg, Paper Bag - LVP Non Irr "
1735,1039026,4401210000,"Gold Chip Large 10 x 500gm, S/V, D/W, LVP - Irr 50kGy"
1758,1039028,4401210000,Gold Chip Large Polylined
2063,1039036,4401210000,"LBS Aspen Classic B6, P/W, LVP - Irr 25kGy"
2079,1039037,4401210000,"LBS Aspen Classic B6 10 x 500g, S/V, D/W, LVP - Irr 25kGy"
640,1034005,4405000000,Aspen Woodwool Fine 
1977,1034019,4405000000,Aspen Woodwool Ultra 3kg
1981,1034020,4405000000,LBS Nest-Pucks (360 squares/box)
2174,1039041,4405000000,"LBS Nest-Pucks 2 x 180, S/V, LVP - Irr 25kGy"
572,1023001,4409299900,"Aspen Arcade, 8/box"
573,1023002,4409299900,"Aspen Cube, 72/box"
574,1023003,4409299900,"Aspen Mouse House, 20/box"
575,1023004,4409299900,"Aspen Rabbit Bricks S, 100/box"
432,1023005,4409299900,"Aspen Chew Blocks Ex.Small, 2000/box"
176,1023006,4409299900,"Aspen Chew Blocks Large, 50/box"
177,1023007,4409299900,"Aspen Chew Blocks Medium, 200/box"
178,1023008,4409299900,"Aspen Chew Blocks Small, 1000/box"
576,1023009,4409299900,"Rabbit Aspen Bricks D, 50/box"
1628,1023010,4409299900,Aspen Tunnel 100/box
1630,1023011,4409299900,"Aspen Stairs, 20/box"
1631,1023012,4409299900,"Aspen Corner 30, 30/box"
1632,1023013,4409299900,"Aspen Corner 15, 60/box"
1795,1023014,4409299900,"Aspen Labyrinth, 50/box"
1844,1023015,4409299900,Aspen Furniture Mixed Box
1861,1023016,4409299900,"Aspen Gnawing Blocks  Small, 300/box"
1862,1023017,4409299900,"Aspen Gnawing Block Medium, 200/box"
1863,1023018,4409299900,"Aspen Gnawing Blocks Large, 100/box"
1901,1023019,4409299900,"Manzanita Wood Gnawing Sticks, 9"""
1902,1023020,4409299900,"Manzanita Wood Gnawing Sticks, 18"""
1903,1023021,4409299900,"Manzanita Wood Gnawing Sticks, 3"" (45/box)"
1975,1023022,4409299900,"Aspen Arcade 14, 12/box"
2132,1023023,4409299900,"Aspen Balls, 30mm dia, 100/box"
1789,1025136,4409299900,Wood Gnawing Blocks - Small 144/Box
1790,1025137,4409299900,Wood Gnawing Blocks - Medium 112/Box
1791,1025138,4409299900,Wood Gnawing Blocks - Large 54/Box
311,1029002,4409299900,"Aspen Brick Medium (200/box) S/V, T/W, LVP - Irr 25kGy"
312,1029003,4409299900,"Aspen Bricks Small (1000/box) S/V, T/W, LVP - Irr 25kGy"
313,1029004,4409299900,"Aspen Chew Blocks Small 22 x 20, S/V, D/W, LVP - Irr 25kGy"
1751,1029025,4409299900,Aspen Chew Blocks Small Polylined
1750,1029026,4409299900,Aspen Chew Blocks Medium Polylined
1858,1028017,4803009000,Nest-Box Flat Pack 250- Small (25x25x80mm)
1859,1028018,4803009000,Nest-Box Flat Pack 250 - Large (40x40x90mm)
449,1032001,4803009000,Alpha Twist
338,1032002,4803009000,Alpha-Dri + Plus 
339,1032003,4803009000,Alpha-Dri Bedding 
340,1032004,4803009000,Alpha-Dri P/L Bags Irrad 25kGy
341,1032005,4803009000,Cellu-Dri 
633,1032006,4803009000,Paperchip Regular 
634,1032007,4803009000,Paperchip Soft 
636,1034001,4803009000,Happi-Mats 1008/Pack
451,1034006,4803009000,DJ Soft Paper Wool 2.5kg
344,1034007,4803009000,DJ Soft Paper Wool 10kg
452,1034008,4803009000,Paper Shavings 10kg 
343,1034009,4803009000,Paper Shavings 3.5kg 
641,1034010,4803009000,LBS Gold Wool - DISCONTINUED
345,1034011,4803009000,Nestlets (3600 Squares)
346,1034012,4803009000,Cocoon / Rodent Rolls (6000)
347,1034013,4803009000,Enviro-Dri 10kg  
348,1034014,4803009000,Enviro-Dri White 
642,1034015,4803009000,Sizzle Pet 10kg
1855,1034016,4803009000,Nest-Box Small 320 (25x25x80mm)
1856,1034017,4803009000,Nest-Box Large 120 (40x40x90mm)
1950,1034018,4803009000,Cellu-Nest
2020,1034021,4803009000,"Alpha-nest 3""x 3"" (2000)"
2021,1034022,4803009000,"Alpha-pad Mouse 6"" x 10"" (400)"
2022,1034023,4803009000,"Alpha-pad Rat 7"" x 16"" (250)"
2060,1034024,4803009000,LBS Pure Comfort - White 16.4ltr
2061,1034025,4803009000,DJ Soft Paper Wool (Natural) 10kg
2083,1034028,4803009000,Nesting Cup (1000/box) Old
2109,1034029,4803009000,Enviro-Dri 25lbs USA  
2298,1034030,4803009000,LBS Pure Comfort - Natural 16.4ltr
2320,1034031,4803009000,"Nesting Cup 8gm, (1,500 pieces/box)"
2229,1035016,4803009000,"Techboard K52 (13.5"" x 8.3"")"
2240,1035017,4803009000,Techboard (16.125” x 22.5”) 
656,1038003,4803009000,Cardboard Bedding 
1809,1038009,4803009000,Eco-Nest Carboard Bedding 3.2kg
2241,1038016,4803009000,Eco-Nest Carboard Bedding 18kg
453,1039001,4803009000,"Alpha-Dri + Plus 10 x 900g, S/V, D/W, LVP - Irr 25kGy"
349,1039002,4803009000,Alpha-Dri 10 x 800gm Paper Bag Only LVP
350,1039003,4803009000,"Alpha-Dri 10 x 900gm, S/V, D/W, LVP - Irr 25kGy"
351,1039004,4803009000,"Alpha-Dri, P/W,  LVP - Irr 25kGy"
357,1039010,4803009000,"Enviro-Dri 10Kg, LVP - Irr 25kGy "
358,1039011,4803009000,"Enviro-Dri 4 x 1Kg, S/V, D/W, LVP - Irr 25kGy"
359,1039012,4803009000,"Enviro-Dri 6 x 800gm, SV, D/W, LVP - Irr 25kGy"
364,1039020,4803009000,"Nestlets 20 x 90, S/V, D/W, LVP - Irr 25kGy"
365,1039021,4803009000,"Nestlets 3 x 720, P/W, LVP - Irr 25kGy"
366,1039022,4803009000,Paper Shavings 3.5kg P/W Irrad 25kGy
1726,1039025,4803009000,"Cocoon / Rodent Rolls 2 X 3000, S/W, LVP - Irr 25kGy"
1870,1039029,4803009000,Nestlets (216 squares) (6 x 36 sheets)
1976,1039031,4803009000,Alpha-Dri Bedding Polylined
2056,1039033,4803009000,"Alpha-Dri 10 x 900gm, S/V, D/W, LVP - Irr 50kGy"
2058,1039035,4803009000,"Nestlets 20 x 90, S/V, D/W, LVP - Irr 50kGy"
2094,1039038,4803009000,"Nesting Cups 8x50, S/V, D/W, LVP - Irr 50kGy"
2104,1039039,4803009000,"Nesting Cups 8x50, S/V, D/W, LVP - Irr 25kGy"
2119,1039040,4803009000,"Paperchip 1x15kg, P/W, LVP - Irr 25kGy"
2220,1039042,4803009000,Happi-Mats LVP - Irr 25kGy 
2237,1039043,4803009000,"Paper Wool, 10 x 500gm, S/V, D/W, Irr 25kGy "
2303,1039044,4803009000,Alpha-Twist P/W LVP
430,1022001,4822900000,Extra Large Fun Tunnels 
568,1022002,4822900000,Giant Eco-Tunnel (40/box)
431,1022003,4822900000,GLP Giant Fun Tunnels (40/box)
172,1022004,4822900000,GLP Maxi Fun Tunnels (100/box)
173,1022005,4822900000,GLP Maxi Fun Tunnels P/L  (100/box)
174,1022006,4822900000,GLP Mini Fun Tunnels (500/box)
175,1022007,4822900000,GLP Standard Fun Tunnels (250/box)
569,1022008,4822900000,Maxi Eco-Tunnel (100/box)
570,1022009,4822900000,Mini Eco-Tunnel (500/box)
571,1022010,4822900000,Standard Eco-Tunnel (250/box)
2009,1022011,4822900000,GLP Standard Long Fun Tunnels (125/box)
2097,1022012,4822900000,GLP Maxi Fun Tunnel Ring (Trial) (700/box)
2133,1022013,4822900000,GLP Extra Large Fun Tunnel Arch 
619,1028002,4822900000,Hay Tunnel Large 30cm L x 20cm Dia
620,1028003,4822900000,Hay Tunnel Medium 25cm L x 14cm Dia
444,1029001,4822900000,"92 Standard Fun Tunnels 4 x 23, D/W, LVP - Irr 25kGy"
322,1029013,4822900000,"Maxi Fun Tunnels 4 x 6, D/W, LVP - Irr 25kGy"
325,1029016,4822900000,"Mini Fun Tunnels 3 x 66, D/W, LVP - Irr 25kGy"
326,1029017,4822900000,"Mini Fun Tunnels 8 x 20, D/W, LVP - Irr 25kGy"
2235,1029034,4822900000,"Mini Fun Tunnels, 15 x 12, D/W, Irr 25kGy, LVP"
356,1039009,4822900000,Enviro Tunnels 4x50/Pack
1943,1039030,4822900000,"Enviro Tunnels 4x50, D/W, LVP - Irr 25kGy"
429,1021001,4823709000,Des Res Mouse Houses (288/box)
161,1021002,4823709000,GLP Des Res Mini House (560/box)
162,1021003,4823709000,GLP Des Res Mouse Houses (288/box)
163,1021004,4823709000,GLP Des Res Rat House (108/box)
164,1021005,4823709000,GLP Des Res Semi-Detached Dome Homes (480/box)
165,1021006,4823709000,Rodent Castle (180/box)
166,1021007,4823709000,Shepherd Shacks Made In The U.K. (560/box)
167,1021008,4823709000,Backless Mouse Houses (600/box)
168,1021009,4823709000,Backless Shepherd Shack (600/box)
169,1021010,4823709000,GLP Mouse Maze (250/box)
170,1021011,4823709000,GLP Rodent Shelf Small (500/box)
171,1021012,4823709000,Mini Mouse Maze (250/box)
2247,1021013,4823709000,Bio-Serv Bio-Huts for Mice K3352 (500/Case)
2248,1021014,4823709000,Bio-Serv Bio-Huts for Rats K3452 (250/Case)
318,1029009,4823709000,"GLP Des Res Rat House 3 x 25, D/W, LVP - Irr 25kGy"
320,1029011,4823709000,"GLP Dome Homes, 4 x 30, D/W, LVP - Irr 25kGy"
323,1029014,4823709000,"Mini Des Res House 8 x 15, D/W, LVP - Irr 25kGy"
324,1029015,4823709000,"Mini Des Res Mouse 4 x 30, D/W, LVP - Irr 25kGy"
327,1029018,4823709000,"Mouse Maze (3 x 25), D/W, LVP - Irr 25kGy"
752,1051006,4823709000,Rodent Transit Box - Medium 25/Pack
753,1051007,4823709000,Rodent Transit Box - Mini  25/Pack
754,1051008,4823709000,Rodent Transit Box - Small 25/Pack
1801,1051016,7010902100,Liquid Diet Tube - 50Ml
2315,1051043,7010902100,Liquid Diet Tube - 100Ml
585,1025053,7218998000,Mini Tinted Tunnel S/S Hanger
586,1025063,7218998000,Mouse Tunnel S/S Hanger
1845,1025145,7218998000,Stainless Steel Rat House 
2206,1025182,7218998000,"Stainless Steel Hut (perforated) 3 x 4 x 6"" "
1802,1051014,7220908000,"Liquid Diet Feeding Tube Holder, Short"
583,1025007,7223009900,Chain Assembly
255,1025028,7223009900,Fleece Foraging/Grooming Board
437,1025054,7223009900,Monkey Shine Mirror
296,1025075,7223009900,Rat Tunnel - Amber with S/S End Caps
588,1025076,7223009900,Rat Tunnel Wire Hanger
589,1025079,7223009900,"Chain, 5 1/2"" long, Stainless Steel"
590,1025080,7223009900,"Rattle 3"" Round Stainless Steel"
591,1025081,7223009900,"Rattle 5"" Triangle Stainless Steel"
592,1025082,7223009900,"Rattle 3"" Triangle Stainless Steel"
301,1025089,7223009900,Stainless Steel Ball
302,1025090,7223009900,Super Challenger Ball
306,1025094,7223009900,"Tuff Turf Foraging Board, Large, 16"" x 6"""
307,1025095,7223009900,"Tuff Turf Foraging Board, Small"
594,1025098,7223009900,Universal Chain Assembly
1638,1025119,7223009900,Fast Trac Pins metal x 20
1812,1025142,7223009900,Tap-A-Treat Box (5.8Hx2.25Wx2.75D)
2099,1025169,7223009900,Stainless Steel Wire Feeder - Large
1798,1051015,7223009900,Twist Clip (Stainless Steel)