New Internal Code,Unit Dimensions CM
345,31 x 32 x 52 cm
1898,36 x 23 x 27 cm
176,40 x 25 x 21 cm
177,40 x 25 x 21 cm
178,40 x 25 x 21 cm
432,40 x 25 x 21 cm
161,41 x 36 x 60 cm
166,41 x 36 x 60 cm
1981,42 x 24 x 21 cm
163,44 x 21 x 49 cm
167,45 x 33 x 33 cm
168,45 x 33 x 33 cm
164,47 x 42 x 48 cm
171,49 x 27 x 38 cm
654,51 x 45 x 33cm
659,51 x 45 x 33cm
661,51 x 45 x 33cm
662,51 x 45 x 33cm
174,52 x 52 x 43 cm
570,52 x 52 x 43 cm
315,56 x 18 x 25 cm
320,56 x 18 x 25 cm
324,56 x 18 x 25 cm
328,56 x 18 x 25 cm
355,56 x 18 x 25 cm
362,56 x 18 x 25 cm
746,56 x 18 x 25 cm
1871,56 x 18 x 25 cm
2073,56 x 18 x 25 cm
2174,56 x 18 x 25 cm
2280,56 x 18 x 25 cm
2281,56 x 18 x 25 cm
156,56 x 35 x 25 cm
157,56 x 35 x 25 cm
158,56 x 35 x 25 cm
159,56 x 35 x 25 cm
160,56 x 35 x 25 cm
311,56 x 35 x 25 cm
312,56 x 35 x 25 cm
313,56 x 35 x 25 cm
314,56 x 35 x 25 cm
316,56 x 35 x 25 cm
317,56 x 35 x 25 cm
318,56 x 35 x 25 cm
321,56 x 35 x 25 cm
322,56 x 35 x 25 cm
323,56 x 35 x 25 cm
325,56 x 35 x 25 cm
326,56 x 35 x 25 cm
327,56 x 35 x 25 cm
346,56 x 35 x 25 cm
349,56 x 35 x 25 cm
350,56 x 35 x 25 cm
351,56 x 35 x 25 cm
356,56 x 35 x 25 cm
358,56 x 35 x 25 cm
359,56 x 35 x 25 cm
360,56 x 35 x 25 cm
361,56 x 35 x 25 cm
364,56 x 35 x 25 cm
365,56 x 35 x 25 cm
366,56 x 35 x 25 cm
426,56 x 35 x 25 cm
428,56 x 35 x 25 cm
444,56 x 35 x 25 cm
445,56 x 35 x 25 cm
453,56 x 35 x 25 cm
454,56 x 35 x 25 cm
630,56 x 35 x 25 cm
631,56 x 35 x 25 cm
660,56 x 35 x 25 cm
1726,56 x 35 x 25 cm
1735,56 x 35 x 25 cm
1750,56 x 35 x 25 cm
1751,56 x 35 x 25 cm
1752,56 x 35 x 25 cm
1820,56 x 35 x 25 cm
1870,56 x 35 x 25 cm
1943,56 x 35 x 25 cm
1985,56 x 35 x 25 cm
1992,56 x 35 x 25 cm
1995,56 x 35 x 25 cm
1996,56 x 35 x 25 cm
2024,56 x 35 x 25 cm
2028,56 x 35 x 25 cm
2048,56 x 35 x 25 cm
2056,56 x 35 x 25 cm
2057,56 x 35 x 25 cm
2058,56 x 35 x 25 cm
2059,56 x 35 x 25 cm
2063,56 x 35 x 25 cm
2079,56 x 35 x 25 cm
2094,56 x 35 x 25 cm
2095,56 x 35 x 25 cm
2100,56 x 35 x 25 cm
2104,56 x 35 x 25 cm
2119,56 x 35 x 25 cm
2134,56 x 35 x 25 cm
2138,56 x 35 x 25 cm
2152,56 x 35 x 25 cm
2153,56 x 35 x 25 cm
2220,56 x 35 x 25 cm
2225,56 x 35 x 25 cm
2235,56 x 35 x 25 cm
2237,56 x 35 x 25 cm
2274,56 x 35 x 25 cm
2294,56 x 35 x 25 cm
2295,56 x 35 x 25 cm
2303,56 x 35 x 25 cm
162,58 x 42 x 62 cm
429,58 x 42 x 62 cm
172,58 x 48 x 62 cm
173,58 x 48 x 62 cm
175,58 x 48 x 62 cm
431,58 x 48 x 62 cm
569,58 x 48 x 62 cm
571,58 x 48 x 62 cm
2009,58 x 48 x 62 cm
2097,58 x 48 x 62 cm
347,59 x 41 x 56 cm
348,59 x 41 x 56 cm
357,59 x 41 x 56 cm
642,59 x 41 x 56 cm
2083,59 x 41 x 56 cm
2109,59 x 41 x 56 cm
29,60 x 30 x 12 cm
30,60 x 30 x 12 cm
31,60 x 30 x 12 cm
32,60 x 30 x 12 cm
33,60 x 30 x 12 cm
34,60 x 30 x 12 cm
35,60 x 30 x 12 cm
36,60 x 30 x 12 cm
38,60 x 30 x 12 cm
40,60 x 30 x 12 cm
46,60 x 30 x 12 cm
47,60 x 30 x 12 cm
55,60 x 30 x 12 cm
56,60 x 30 x 12 cm
59,60 x 30 x 12 cm
60,60 x 30 x 12 cm
62,60 x 30 x 12 cm
63,60 x 30 x 12 cm
64,60 x 30 x 12 cm
68,60 x 30 x 12 cm
71,60 x 30 x 12 cm
74,60 x 30 x 12 cm
81,60 x 30 x 12 cm
86,60 x 30 x 12 cm
87,60 x 30 x 12 cm
89,60 x 30 x 12 cm
1832,60 x 30 x 12 cm
1881,60 x 30 x 12 cm
2249,60 x 30 x 12 cm
2251,60 x 30 x 12 cm
2278,60 x 30 x 12 cm
2279,60 x 30 x 12 cm
338,60 x 35 x 13cm
339,60 x 35 x 13cm
340,60 x 35 x 13cm
1976,60 x 35 x 14 cm
28,60 x 37 x 16 cm
39,60 x 37 x 16 cm
43,60 x 37 x 16 cm
44,60 x 37 x 16 cm
51,60 x 37 x 16 cm
52,60 x 37 x 16 cm
53,60 x 37 x 16 cm
54,60 x 37 x 16 cm
57,60 x 37 x 16 cm
58,60 x 37 x 16 cm
61,60 x 37 x 16 cm
65,60 x 37 x 16 cm
69,60 x 37 x 16 cm
75,60 x 37 x 16 cm
76,60 x 37 x 16 cm
78,60 x 37 x 16 cm
79,60 x 37 x 16 cm
82,60 x 37 x 16 cm
84,60 x 37 x 16 cm
85,60 x 37 x 16 cm
90,60 x 37 x 16 cm
1525,60 x 37 x 16 cm
1796,60 x 37 x 16 cm
1831,60 x 37 x 16 cm
1882,60 x 37 x 16 cm
1982,60 x 37 x 16 cm
2068,60 x 37 x 16 cm
2200,60 x 37 x 16 cm
169,66 x 39 x 56 cm
344,70 x 40 x 30 cm
452,70 x 40 x 30 cm
2061,70 x 40 x 30 cm
331,75 x 35 x 16 cm
447,75 x 35 x 16 cm
2098,75 x 35 x 16 cm
446,76 x 43 x 14 cm
1758,76 x 43 x 14 cm
632,79 x 38 x 30 cm
449,80 x 35 x 12 cm
1852,90 x 50 x 17cm